sample_id,herbarium_code,herbarium,year,state,habitat,decimalLatitude,decimalLongitude,sex,accession,barcode,fulldate,day,month,source,coordinateUncertaintyInMeters
1,ANHC,Arkansas Herbarium ,2015.0,,,33.41225,-93.76131,F,,ANHC012127,9/27/15,,9.0,2026_dataset,1.1132000000000002
2,ANHC,Arkansas Herbarium ,2005.0,,,34.55173,-92.70116,M,,ANHC000312,8/17/05,,8.0,2026_dataset,1.1132000000000002
3,ANHC,Arkansas Herbarium ,2013.0,,,34.66707,-93.04059,M,,ANHC013041,10/14/13,,10.0,2026_dataset,1.1132000000000002
4,ANHC,Arkansas Herbarium ,2012.0,,,35.32961,-90.22644,M,,ANHC009338,9/19/12,,9.0,2026_dataset,1.1132000000000002
5,ANHC,Arkansas Herbarium ,2004.0,,,35.90177,-89.75836,M,,ANHC010423,9/6/04,,9.0,2026_dataset,1.1132000000000002
6,BRIT,Northeast louisiana university,1969.0,,,30.33714,-90.032852,M,,BRIT555094,10/17/69,,10.0,2026_dataset,1.1132000000000002
7,BRIT,Botanical Research Institute of Texas,1965.0,,,31.704355,-98.98378,F,,BRIT336491,10/19/65,,10.0,2026_dataset,0.9470784623751494
8,BRIT,Botanical Research Institute of Texas,1953.0,,,31.977658,-97.895259,M,,BRIT336485,8/31/53,,8.0,2026_dataset,0.11131999999999999
9,BRIT,Botanical Research Institute of Texas,1988.0,,,32.635188,-96.598966,M,,BRIT336478,7/19/88,,7.0,2026_dataset,0.11131999999999999
10,BRIT,Northeast louisiana university,1998.0,,,32.731231,-97.359353,F,,BRIT555076,10/25/98,,10.0,2026_dataset,0.11131999999999999
11,BRIT,Botanical Research Institute of Texas,1970.0,,,32.771511,-97.024777,F,,BRIT338431,10/20/73,,10.0,2026_dataset,0.11131999999999999
12,BRIT,Botanical Research Institute of Texas,2013.0,,,32.78498,-97.13242,F,,BRIT556420,11/1/13,,11.0,2026_dataset,1.1132000000000002
13,BRIT,Botanical Research Institute of Texas,2013.0,,,32.78615,-97.12836,M,,BRIT556418,11/4/13,,11.0,2026_dataset,1.1132000000000002
14,BRIT,Botanical Research Institute of Texas,2013.0,,,32.78713,-97.1285,F,,BRIT556419,11/4/13,,11.0,2026_dataset,9.35854174244765
15,BRIT,Northeast louisiana university,2003.0,,,32.8077,-97.248721,M,,BRIT555045,7/4/03,,7.0,2026_dataset,11.132
16,BRIT,Northeast louisiana university,2006.0,,,32.839467,-97.312598,M,,BRIT694814,10/12/06,,10.0,2026_dataset,0.11131999999999999
17,BRIT,Botanical Research Institute of Texas,1977.0,,,32.841213,-98.026217,M,,BRIT336465,9/25/77,,9.0,2026_dataset,0.11131999999999999
18,BRIT,Botanical Research Institute of Texas,2003.0,,,33.023,-97.4419,M,11042,,8/15/03,,8.0,2026_dataset,111.32000000000001
19,BRIT,Botanical Research Institute of Texas,1988.0,,,33.104334,-96.476674,M,,BRIT336481,10/9/88,,10.0,2026_dataset,0.11131999999999999
20,BRIT,Botanical Research Institute of Texas,1988.0,,,33.104367,-96.476964,F,,BRIT336499,9/24/88,,9.0,2026_dataset,0.11131999999999999
21,BRIT,Northeast louisiana university,1989.0,,,33.149242,-92.112422,F,,BRIT555033,10/22/89,,10.0,2026_dataset,0.11131999999999999
22,BRIT,Northeast louisiana university,1991.0,,,33.3921,-88.7111,M,,BRIT555083,10/12/91,,10.0,2026_dataset,11.132
23,BRIT,Northeast louisiana university,1991.0,,,33.3921,-88.7111,M,,BRIT555083,10/12/91,,10.0,2026_dataset,11.132
24,BRIT,Botanical Research Institute of Texas,2002.0,,,33.396245,-97.748262,M,4323,,9/7/02,,9.0,2026_dataset,0.11131999999999999
25,BRIT,Botanical Research Institute of Texas,2003.0,,,33.3968,-97.749,M,13215,,9/5/03,,9.0,2026_dataset,92.93868648735254
26,BRIT,Northeast louisiana university,2011.0,,,44.9235,-96.41503,M,,BRIT323250,8/8/11,,8.0,2026_dataset,11.132
27,BRIT,Botanical Research Institute of Texas,1990.0,,,33.721723,-96.779819,F,,BRIT336455,9/23/90,,9.0,2026_dataset,0.11131999999999999
28,BRIT,Botanical Research Institute of Texas,1993.0,,,33.65,-96.583333,F,,BRIT336457,9/24/93,,9.0,2026_dataset,1113.2
29,EIU,Stover-Ebinger Herbarium Eastern Illinois University,2005.0,,,38.9209,-88.1523,F,,EIU020068,9/9/05,,9.0,2026_dataset,11.132
30,BRIT,Botanical Research Institute of Texas,2002.0,,,33.416124,-97.783086,M,,BRIT336474,9/7/02,,9.0,2026_dataset,0.11131999999999999
31,BRIT,Botanical Research Institute of Texas,1950.0,,,33.817267,-98.078316,F,,BRIT336497,10/1/50,,10.0,2026_dataset,0.11131999999999999
32,BRIT,Botanical Research Institute of Texas,1950.0,,,33.817267,-98.078316,M,,BRIT336498,10/1/50,,10.0,2026_dataset,0.11131999999999999
33,BRIT,Botanical Research Institute of Texas,2004.0,,,33.400528,-96.7625,M,,BRIT336500,7/21/04,,7.0,2026_dataset,9.293469942305638
34,BRIT,Botanical Research Institute of Texas,2006.0,,,33.4094,-97.6615,F,,BRIT35038,11/12/06,,11.0,2026_dataset,11.132
35,BRIT,Botanical Research Institute of Texas,2007.0,,,33.951687,-94.705293,M,,BRIT523928,9/25/07,,9.0,2026_dataset,0.11131999999999999
36,BRIT,Northeast louisiana university,1985.0,,,37.883716,-89.86122,F,,BRIT555043,10/6/85,,10.0,2026_dataset,0.8786027164904285
37,BRIT,Northeast louisiana university,1990.0,,,33.946514,-94.574168,M,,BRIT555112,8/24/90,,8.0,2026_dataset,0.11131999999999999
38,BRIT,Botanical Research Institute of Texas,2011.0,,,33.7912,-94.9411,M,,BRIT58218,8/31/11,,8.0,2026_dataset,11.132
39,BRIT,Botanical Research Institute of Texas,2011.0,,,33.7987,-94.9226,M,,BRIT58229,7/22/11,,7.0,2026_dataset,11.132
40,CHSC,Chico State Herbarium ,1999.0,,,39.619167,-121.979444,M,,CHSC076264,9/21/99,,9.0,2026_dataset,0.11131999999999999
41,CHSC,Chico State Herbarium ,1999.0,,,39.619167,-121.979444,F,,CHSC076410,10/28/99,,10.0,2026_dataset,0.11131999999999999
42,CHSC,Chico State Herbarium ,2003.0,,,39.720556,-121.949444,F,,CHSC085142,10/8/03,,10.0,2026_dataset,0.11131999999999999
43,CHSC,Chico State Herbarium ,2011.0,,,44.8945,-98.27808,M,,CHSC122152,8/11/11,,8.0,2026_dataset,11.132
44,CHSC,Chico State Herbarium ,1993.0,,,39.728056,-121.942222,M,,CSHC061022,,,7.0,2026_dataset,0.11131999999999999
45,EIU,Stover-Ebinger Herbarium Eastern Illinois University,2006.0,,,38.748,-88.8576,M,,EIU010232,,,10.0,2026_dataset,111.32000000000001
46,EIU,Stover-Ebinger Herbarium Eastern Illinois University,2002.0,,,39.496024,-88.312373,F,,EIU019090,9/26/02,,9.0,2026_dataset,0.11131999999999999
47,EIU,Stover-Ebinger Herbarium Eastern Illinois University,2009.0,,,40.65987,-89.1265,F,,EIU020066,8/13/09,,8.0,2026_dataset,8.444633679909611
48,EIU,Stover-Ebinger Herbarium Eastern Illinois University,2005.0,,,38.9209,-88.1523,M,,EIU020067,9/9/05,,9.0,2026_dataset,11.132
49,EIU,Stover-Ebinger Herbarium Eastern Illinois University,1991.0,,,38.377117,-88.433394,M,,EIU020071,8/20/91,,8.0,2026_dataset,0.11131999999999999
50,EIU,Stover-Ebinger Herbarium Eastern Illinois University,1996.0,,,38.916667,-88.2,M,,EIU020395,,,8.0,2026_dataset,8661.36887261678
51,EIU,Stover-Ebinger Herbarium Eastern Illinois University,2005.0,,,38.907635,-88.17496,F,,EIU020425,9/23/05,,9.0,2026_dataset,0.8662471129219161
52,EIU,Stover-Ebinger Herbarium Eastern Illinois University,1998.0,,,39.396389,-88.155902,F,,EIU020427,10/20/98,,10.0,2026_dataset,0.11131999999999999
53,EIU,Stover-Ebinger Herbarium Eastern Illinois University,1996.0,,,42.45,-90.5833,M,,EIU039400,9/10/96,,9.0,2026_dataset,1113.2
54,LSU,LSU Shirley C Tucker Herbarium,2000.0,,,29.769,-93.46,,96483,LSU00031897,9/16/00,,9.0,2026_dataset,966.2956882844437
55,LSU,LSU Shirley C Tucker Herbarium,2008.0,,,30.414625,-91.176222,,138157,LSU00119981,10/29/08,,10.0,2026_dataset,0.11131999999999999
56,LSU,LSU Shirley C Tucker Herbarium,2005.0,,,29.7986,-90.1681,,131168,LSU00124532,3/22/05,,3.0,2026_dataset,11.132
57,LSU,LSU Shirley C Tucker Herbarium,2005.0,,,29.7986,-90.1681,,131193,LSU00124539,3/22/05,,3.0,2026_dataset,11.132
58,LSU,LSU Shirley C Tucker Herbarium,2006.0,,,29.8056,-90.1192,,132393,LSU00125139,9/26/06,,9.0,2026_dataset,11.132
59,LSU,LSU Shirley C Tucker Herbarium,2010.0,,,29.152778,-89.210833,,180352,LSU00129037,7/30/10,,7.0,2026_dataset,0.11131999999999999
60,LSU,LSU Shirley C Tucker Herbarium,2012.0,,,32.919669,-93.808936,,183355,LSU00133904,8/16/12,,8.0,2026_dataset,0.11131999999999999
61,LSU,LSU Shirley C Tucker Herbarium,2011.0,,,32.646504,-91.831657,,181984,LSU00133944,5/12/11,,5.0,2026_dataset,0.11131999999999999
62,MICH,University of Michigan Herbarium ,2002.0,,,42.82299,-81.85818,,1004931,1004931,8/26/02,,8.0,2026_dataset,1.1132000000000002
63,MICH,University of Michigan Herbarium ,2020.0,,,42.30195,-83.73231,,1052412,1052412,9/8/20,,9.0,2026_dataset,1.1132000000000002
64,MICH,University of Michigan Herbarium ,2020.0,,,42.30195,-83.73231,,1052413,1052413,8/23/20,,8.0,2026_dataset,1.1132000000000002
65,MICH,University of Michigan Herbarium ,1989.0,,,43.00518,-85.54195,,1209682,1209682,8/21/89,,8.0,2026_dataset,1.1132000000000002
66,MICH,University of Michigan Herbarium ,1984.0,,,41.971105,-83.936005,,1209683,1209683,9/20/84,,9.0,2026_dataset,0.11131999999999999
67,MICH,University of Michigan Herbarium ,1984.0,,,41.971105,-83.936005,,1209684,1209684,9/20/84,,9.0,2026_dataset,0.11131999999999999
68,MICH,University of Michigan Herbarium ,1997.0,,,41.85145,-83.77421,,1209685,1209685,8/10/97,,8.0,2026_dataset,1.1132000000000002
69,MICH,University of Michigan Herbarium ,1997.0,,,41.85145,-83.77421,,1209686,1209686,9/25/97,,9.0,2026_dataset,1.1132000000000002
70,MICH,University of Michigan Herbarium ,2001.0,,,41.764642,-84.255526,,1209687,1209687,9/16/01,,9.0,2026_dataset,0.11131999999999999
71,MICH,University of Michigan Herbarium ,1980.0,,,42.07265,-83.49955,,1209691,1209691,9/12/80,,9.0,2026_dataset,1.1132000000000002
72,MICH,University of Michigan Herbarium ,1959.0,,,41.93166,-83.45129,,1209692,1209692,8/9/59,,8.0,2026_dataset,1.1132000000000002
73,MICH,University of Michigan Herbarium ,1961.0,,,41.763426,-83.455163,,1209695,1209695,10/11/61,,10.0,2026_dataset,0.11131999999999999
74,MICH,University of Michigan Herbarium ,1984.0,,,43.092985,-84.177454,,1209701,1209701,8/28/84,,8.0,2026_dataset,0.11131999999999999
75,MICH,University of Michigan Herbarium ,1953.0,,,42.04476,-85.52121,,1209705,1209705,7/30/53,,7.0,2026_dataset,1.1132000000000002
76,MICH,University of Michigan Herbarium ,2018.0,,,42.57777,-85.96769,,1460281,1460281,8/3/18,,8.0,2026_dataset,1.1132000000000002
77,MICH,University of Michigan Herbarium ,2018.0,,,42.58689,-85.97675,,1460282,1460282,8/8/18,,8.0,2026_dataset,1.1132000000000002
78,MICH,University of Michigan Herbarium ,1961.0,,,41.794155,-83.438086,,1476714,1476714,10/11/61,,10.0,2026_dataset,0.11131999999999999
79,MICH,University of Michigan Herbarium ,2012.0,,,41.914022,-84.312883,,1483481,1483481,8/18/12,,8.0,2026_dataset,0.11131999999999999
80,MICH,University of Michigan Herbarium ,2017.0,,,42.55053,-86.13204,,1558624,1558624,7/2/17,,7.0,2026_dataset,1.1132000000000002
81,MICH,University of Michigan Herbarium ,2017.0,,,42.594278,-85.983333,,1559529,1559529,9/26/17,,9.0,2026_dataset,0.11131999999999999
82,MIN,Bell Museum Minnesota ,1992.0,,,44.612221,-95.156387,,519590,,7/20/92,,7.0,2026_dataset,0.11131999999999999
83,MICH,University of Michigan Herbarium ,2021.0,,,42.54933,-86.13008,,1686678,1686678,9/28/21,,9.0,2026_dataset,1.1132000000000002
84,MICH,University of Michigan Herbarium ,2021.0,,,42.54933,-86.13008,,1686804,1686804,9/27/21,,9.0,2026_dataset,1.1132000000000002
85,MIN,Bell Museum Minnesota ,2020.0,,,43.3075,-90.334167,,971240,,8/13/20,,8.0,2026_dataset,11.132
86,MIN,Bell Museum Minnesota ,1991.0,,,43.637724,-92.219269,,833563,,8/29/91,,8.0,2026_dataset,0.11131999999999999
87,MIN,Bell Museum Minnesota ,2015.0,,,43.767166,-91.652744,,980920,,10/9/15,,10.0,2026_dataset,0.11131999999999999
88,MIN,Bell Museum Minnesota ,2015.0,,,43.767166,-91.652744,,981027,,10/9/15,,10.0,2026_dataset,0.11131999999999999
89,MIN,Bell Museum Minnesota ,1998.0,,,43.899068,-93.195935,,499057,,7/29/98,,7.0,2026_dataset,0.11131999999999999
90,MIN,Bell Museum Minnesota ,2015.0,,,44.260532,-92.403777,,980922,,10/8/15,,10.0,2026_dataset,0.11131999999999999
91,MIN,Bell Museum Minnesota ,2015.0,,,44.260532,-92.403777,,980923,,10/8/15,,10.0,2026_dataset,0.11131999999999999
92,MIN,Bell Museum Minnesota ,1997.0,,,44.286852,-94.423968,,477002,,8/30/97,,8.0,2026_dataset,0.11131999999999999
93,MIN,Bell Museum Minnesota ,2015.0,,,44.307557,-92.138905,,981014,,10/8/15,,10.0,2026_dataset,0.11131999999999999
94,MIN,Bell Museum Minnesota ,2015.0,,,44.307557,-92.138905,,981013,,10/8/15,,10.0,2026_dataset,0.11131999999999999
95,MIN,Bell Museum Minnesota ,1998.0,,,44.519822,-92.319123,,499479,,9/2/98,,9.0,2026_dataset,0.11131999999999999
96,MIN,Bell Museum Minnesota ,1995.0,,,44.579109,-92.662048,,467238,,9/4/95,,9.0,2026_dataset,0.11131999999999999
97,MIN,Bell Museum Minnesota ,1992.0,,,44.612221,-95.156387,,475948,,7/20/92,,7.0,2026_dataset,0.11131999999999999
98,MIN,Bell Museum Minnesota ,1994.0,,,44.714046,-92.769353,,973720,,7/25/94,,7.0,2026_dataset,0.11131999999999999
99,MIN,Bell Museum Minnesota ,1995.0,,,44.735558,-95.43358,,441181,,8/29/95,,8.0,2026_dataset,0.7907758771191294
100,MIN,Bell Museum Minnesota ,1997.0,,,44.764995,-95.497564,,510766,,9/24/97,,9.0,2026_dataset,0.11131999999999999
101,MIN,Bell Museum Minnesota ,2009.0,,,44.898874,-93.158011,,910695,,6/13/09,,6.0,2026_dataset,0.11131999999999999
102,MIN,Bell Museum Minnesota ,2015.0,,,45.430313,-94.050317,,981028,,9/24/15,,9.0,2026_dataset,0.11131999999999999
103,MIN,Bell Museum Minnesota ,2015.0,,,45.430313,-94.050317,,981016,,9/24/15,,9.0,2026_dataset,0.11131999999999999
104,MIN,Bell Museum Minnesota ,2015.0,,,45.533925,-94.153948,,981015,,9/29/15,,9.0,2026_dataset,0.11131999999999999
105,MIN,Bell Museum Minnesota ,2015.0,,,45.533925,-94.153948,,981030,,9/29/15,,9.0,2026_dataset,0.11131999999999999
106,MIN,Bell Museum Minnesota ,2015.0,,,45.598565,-94.186135,,981018,,9/10/15,,9.0,2026_dataset,0.11131999999999999
107,MIN,Bell Museum Minnesota ,2015.0,,,46.119716,-94.361628,,981031,,9/28/15,,9.0,2026_dataset,0.11131999999999999
108,MIN,Bell Museum Minnesota ,2015.0,,,46.438531,-95.626762,,981034,,9/2/15,,9.0,2026_dataset,0.11131999999999999
109,MIN,Bell Museum Minnesota ,2021.0,,,46.72,-94.12,,966667,,8/23/21,,8.0,2026_dataset,1113.2
110,MIN,Bell Museum Minnesota ,2021.0,,,46.72,-94.13,,966641,,8/23/21,,8.0,2026_dataset,1113.2
111,MMNS,SWSL,1998.0,,,30.674364,-96.369963,Na,6430,,6/22/98,,6.0,2026_dataset,0.11131999999999999
112,MMNS,MMNS,1996.0,,,32.325,-90.155,,11763,,July 18th 1996,,7.0,2026_dataset,111.32000000000001
113,MMNS,MMNS,1996.0,,,32.32555556,-90.15527778,M ,18841,,8/13/96,,8.0,2026_dataset,0.0011132
114,MMNS,SWSL,1998.0,,,33.409754,-90.23535,M ,6452,,6/20/05,,,2026_dataset,0.9292483060286542
115,MMNS,SWSL,1996.0,,,33.417085,-90.221122,F ,6428,,7/12/96,,7.0,2026_dataset,0.11131999999999999
116,MMNS,SWSL,1998.0,,,33.417372,-90.221122,F,6451,,6/20/05,,,2026_dataset,0.11131999999999999
117,MMNS,SWSL,1998.0,,,33.418231,-90.223181,,6429,,6/22/98,,6.0,2026_dataset,0.11131999999999999
118,MMNS,MMNS,2010.0,,,33.47305556,-90.90222222,F,32795,,10/19/10,,10.0,2026_dataset,0.0011132
119,MMNS,MMNS,2010.0,,,33.47305556,-90.90222222,F,32796,,10/19/10,,10.0,2026_dataset,0.0011132
120,MMNS,MMNS,1996.0,,,33.863,-88.7184,F,15556,,7/1/96,,7.0,2026_dataset,111.32000000000001
121,MO,North carolina state,1955.0,,,43.8166667,-89.4,F,1704109,MO-029947,9/25/55,,9.0,2026_dataset,8032.393239251662
122,MO,ISU,1975.0,,,43.75,-91.1,F,2663673,MO-029950,10/1/75,,10.0,2026_dataset,8041.355625649199
123,MO,ISU,1983.0,,,38.4333333,-82.25,F,3668428,MO-029959,10/9/83,,10.0,2026_dataset,872.0051333654175
124,MO,ISU,1973.0,,,34.8,-86.983333,F,4271124A,MO-029966,10/8/73,,10.0,2026_dataset,11132.0
125,MO,ISU,1973.0,,,34.8,-86.983333,M,4271124B,MO-029966,10/8/73,,10.0,2026_dataset,11132.0
126,MO,ISU,1975.0,,,43.789821,-91.279985,F,2433399,MO-029967,9/22/75,,9.0,2026_dataset,0.11131999999999999
127,MO,ISU,1989.0,,,31.7666667,-93.133333,F,3775016,MO-029969,11/24/89,,11.0,2026_dataset,0.09464416595926621
128,MO,ISU,1989.0,,,35.1666667,-94.266667,M,4272081,MO-029974,9/4/89,,9.0,2026_dataset,0.0910018863374446
129,MO,TU,1956.0,,,30.6333333,-92.0,M,4675602,MO-029976,10/13/56,,10.0,2026_dataset,95784.81903774163
130,MO,ISU,1989.0,,,32.4833333,-92.15,F,3775713,MO-029977,12/2/89,,12.0,2026_dataset,939.0373047178974
131,MO,North carolina state,1989.0,,,32.8,-92.4,F,3790732,MO-029978,10/22/89,,10.0,2026_dataset,11132.0
132,MO,North carolina state,1993.0,,,33.5833333,-96.516667,F,4580996,MO-029981,9/19/93,,9.0,2026_dataset,0.09273870837410082
133,MO,North carolina state,1993.0,,,33.6,-96.566667,F,5001849,MO-029984,10/11/93,,10.0,2026_dataset,11132.0
134,MO,North carolina state,1993.0,,,33.6,-96.566667,M,5001849,MO-029984,10/11/93,,10.0,2026_dataset,11132.0
135,MO,North carolina state,1973.0,,,39.5166667,-91.516667,F,2195330,MO-029992,9/7/73,,9.0,2026_dataset,0.08587664766921291
136,MO,North carolina state,1937.0,,,36.8166667,-89.283333,F,2157290,MO-029995,10/14/37,,10.0,2026_dataset,0.08911801501653586
137,MO,North carolina state,1974.0,,,38.25,-90.533333,F,2324550,MO-029998,10/31/74,,10.0,2026_dataset,1113.2
138,MO,North carolina state,1877.0,,,38.55,-89.916667,F,768400,MO-029999,20 Sept 1877,,9.0,2026_dataset,1113.2
139,MO,North carolina state,2003.0,,,38.6333333,-90.75,F,5983947,MO-1949390,10/18/03,,10.0,2026_dataset,869.5843977622984
140,MO,North carolina state,2003.0,,,38.65,-90.733333,M,5983948,MO-1949391,10/18/03,,10.0,2026_dataset,1113.2
141,MO,North carolina state,2003.0,,,38.0666667,-91.15,F,5983949,MO-1949392,9/28/03,,9.0,2026_dataset,876.4155308838821
142,MO,North carolina state,2003.0,,,38.4333333,-90.816667,F,5983950,MO-1949393,9/12/03,,9.0,2026_dataset,0.08720051333654173
143,MO,North carolina state,2003.0,,,38.65,-90.75,F,5983946,MO-1949466,10/18/03,,10.0,2026_dataset,1113.2
144,MO,MBOT,2011.0,,,37.9166667,-89.883333,M,6341595,MO-2332143,9/11/11,,9.0,2026_dataset,0.08782094498396653
145,MO,MBOT,2011.0,,,37.9166667,-89.883333,F,6341593,MO-2332145,9/11/11,,9.0,2026_dataset,0.08782094498396653
146,MO,North carolina state,1961.0,,,37.2,-94.333333,M,6773119,MO-2894491,8/7/61,,8.0,2026_dataset,11132.0
147,MO,North carolina state,1968.0,,,32.1,-92.083333,F,5435147,MO-3285043,8/15/68,,8.0,2026_dataset,11132.0
148,MO,North carolina state,1972.0,,,32.6333333,-93.9,F,5435148,MO-3285044,11/7/72,,11.0,2026_dataset,9374.689239951846
149,MO,North carolina state,1994.0,,,37.65,-87.95,F,5049461,MO-3285045,9/22/94,,9.0,2026_dataset,1113.2
150,MO,North carolina state,2009.0,,,34.8666667,-98.366667,M,6443719,MO-3716729,9/6/09,,9.0,2026_dataset,0.09133634541629793
151,MO,North carolina state,2009.0,,,34.8666667,-98.366667,F,6443719,MO-3716729,9/6/09,,9.0,2026_dataset,0.09133634541629793
152,MO,North carolina state,2009.0,,,36.7833333,-94.75,F,6443699,MO-3716730,9/7/09,,9.0,2026_dataset,891.5680986901289
153,MO,North carolina state,2009.0,,,36.7833333,-94.75,M,6443699,MO-3716730,9/7/09,,9.0,2026_dataset,891.5680986901289
154,MO,North carolina state,2009.0,,,34.95,95.8666667,F,6443700,MO-3716731,9/7/09,,9.0,2026_dataset,1113.2
155,MO,North carolina state,2009.0,,,34.95,95.8666667,M,6443700,MO-3716731,9/7/09,,9.0,2026_dataset,1113.2
156,MO,North carolina state,2009.0,,,36.3,-95.266667,F,6443717,MO-3716732,9/7/09,,9.0,2026_dataset,11132.0
157,MO,North carolina state,2009.0,,,36.3,-95.266667,M,6443717,MO-3716732,9/7/09,,9.0,2026_dataset,11132.0
158,MO,North carolina state,2009.0,,,34.8666667,-98.366667,F,6443718,MO-3716733,9/6/09,,9.0,2026_dataset,0.09133634541629793
159,MO,North carolina state,2009.0,,,34.8666667,-98.366667,M,6443718,MO-3716733,9/6/09,,9.0,2026_dataset,0.09133634541629793
160,MO,MBOT,2012.0,,,43.274167,-90.380278,F,6604149,MO-3789649,,,8.0,2026_dataset,0.11131999999999999
161,MO,North carolina state,2014.0,,,37.5666667,-89.466667,F,6686499,MO-3789651,10/20/14,,10.0,2026_dataset,0.08823718317599935
162,MO,North carolina state,1996.0,,,41.0333333,-84.133333,M,4962987,MO-3789652,8/26/96,,8.0,2026_dataset,0.08397176771639342
163,MO,ISU,1916.0,,,39.0,-94.35,F,853730,MO-3789653,9/30/16,,9.0,2026_dataset,111320.0
164,MO,MBOT,2015.0,,,42.5333333,-90.633333,M,6959070,MO-3789654,7/22/15,,7.0,2026_dataset,0.08202994580486486
165,MO,ISU,1841.0,,,38.554533,-90.232666,F,1739632,MO-3789655,,,9.0,2026_dataset,0.11131999999999999
166,MO,MBOT,2021.0,,,44.65,-91.866667,F,6998866,MO-3789656,9/14/21,,9.0,2026_dataset,1113.2
167,MO,MBOT,2019.0,,,43.0333333,-90.95,F,6957742,MO-3789657,9/11/19,,9.0,2026_dataset,813.701118340161
168,MO,MBOT,2015.0,,,43.2166667,-90.233333,M,6953483,MO-3789658,9/11/15,,9.0,2026_dataset,0.08112661734510357
169,MO,ISU,1987.0,,,37.95,-90.866667,F,3639168,MO-3789659,9/13/87,,9.0,2026_dataset,1113.2
170,MO,MBOT,1983.0,,,39.3,-94.416667,M,4336189,MO-3789660,10/6/83,,10.0,2026_dataset,11132.0
171,MO,MBOT,1987.0,,,38.55,-90.466667,F,4275933,MO-3789661,10/3/87,,10.0,2026_dataset,1113.2
172,MO,MBOT,1979.0,,,32.450543,-91.410341,M,5429074,MO-3789662,,,9.0,2026_dataset,0.11131999999999999
173,MO,MBOT,1963.0,,,38.6333333,-90.233333,M,2602073,MO-3789664,10/12/63,,10.0,2026_dataset,0.08695843977622983
174,MO,MBOT,1979.0,,,32.7666667,-91.25,F,5429071,MO-3789666,10/4/79,,10.0,2026_dataset,936.0694126760525
175,MO,MBOT,2002.0,,,38.6166667,-90.25,F,5561847,MO-3789667,10/9/02,,10.0,2026_dataset,869.7865300220078
176,MO,NY,2007.0,,,40.2833333,-91.566667,F,6038591,MO-3789668,9/7/07,,9.0,2026_dataset,0.08492117904803022
177,MO,NY,2007.0,,,40.2833333,-91.566667,M,6038566,MO-3789669,9/7/07,,9.0,2026_dataset,0.08492117904803022
178,MO,MBOT,2006.0,,,39.65,-92.5,F,6146523B,MO-3789671,8/10/06,,8.0,2026_dataset,8571.157896335857
179,MO,MBOT,2006.0,,,39.65,-92.5,M,6146523A,MO-3789671,8/10/06,,8.0,2026_dataset,8571.157896335857
180,MO,,2009.0,,,33.6833333,-91.0,F,6173647,MO-3789672,10/15/09,,10.0,2026_dataset,92631.0957850966
181,MO,MBOT,1975.0,,,38.6333333,-90.233333,M,3526986,MO-3789673,11/1/75,,11.0,2026_dataset,0.08695843977622983
182,MO,MBOT,1966.0,,,38.6333333,-90.233333,M,1858765,MO-3789674,9/18/66,,9.0,2026_dataset,0.08695843977622983
183,MO,MBOT,2001.0,,,37.9833333,-90.5,F,5288692,MO-3789675,9/10/01,,9.0,2026_dataset,8774.128956980696
184,MO,MBOT,1963.0,,,38.6333333,-90.233333,M,2602076,MO-3789676,10/6/63,,10.0,2026_dataset,0.08695843977622983
185,MO,MBOT,2020.0,,,42.8333333,-90.65,F,6994492,MO-3789678,8/27/20,,9.0,2026_dataset,816.3479184479293
186,MO,MBOT,2015.0,,,42.5333333,-90.633333,F,6959072,MO-3789679,7/22/15,,7.0,2026_dataset,0.08202994580486486
187,MO,MBOT,2019.0,,,43.15,-89.9,M,6959203,MO-3789680,8/27/19,,8.0,2026_dataset,8121.525704346244
188,MO,MBOT,2019.0,,,43.15,-89.9,F,6959202,MO-3789681,8/27/19,,9.0,2026_dataset,8121.525704346244
189,MO,MBOT,2021.0,,,44.65,-91.866667,M,6998865,MO-3789682,9/14/21,,9.0,2026_dataset,1113.2
190,MO,MBOT,2021.0,,,44.65,-91.866667,M,7010722,MO-3789683,9/14/21,,9.0,2026_dataset,1113.2
191,MO,MBOT,2009.0,,,38.65,-83.75,F,6443690A,MO-3789685,9/29/09,,9.0,2026_dataset,1113.2
192,MO,MBOT,2009.0,,,38.65,-83.75,M,6443690B,MO-3789685,9/29/09,,9.0,2026_dataset,1113.2
193,MO,MBOT,2010.0,,,40.1666667,-83.116667,F,6443676A,MO-3789687,9/18/10,,9.0,2026_dataset,0.0850675614770462
194,MO,MBOT,2010.0,,,40.1666667,-83.116667,M,6443676B,MO-3789687,9/18/10,,9.0,2026_dataset,0.0850675614770462
195,MO,MBOT,2009.0,,,42.6333333,-84.633333,F,6443681,MO-3789688,9/19/09,,9.0,2026_dataset,0.08189847716139344
196,MO,NY,1988.0,,,43.0333333,-88.766667,F,6647533,MO-3789690,9/18/88,,9.0,2026_dataset,0.08137011183401609
197,MO,NY,1988.0,,,42.6666667,-89.066667,F,6647534,MO-3789691,9/18/88,,9.0,2026_dataset,0.08185459873332793
198,MO,NY,1988.0,,,43.0333333,-88.766667,M,6647532,MO-3789692,9/18/88,,9.0,2026_dataset,0.08137011183401609
199,MO,MBOT,1890.0,,,38.55,-89.916667,M,1740832,MO-3789693,8/13/1890,,8.0,2026_dataset,1113.2
200,MO,NELU,1988.0,,,31.509516,91.521623,F,6644561,MO-3789695,,,9.0,2026_dataset,0.11131999999999999
201,MO,NELU,1990.0,,,32.8,-91.8,F,6644550,MO-3789696,9/20/90,,9.0,2026_dataset,11132.0
202,MO,MBOT,2009.0,,,42.9666667,-85.066667,F,6443680,MO-3789697,9/18/09,,9.0,2026_dataset,0.08145844873874056
203,MO,MBOT,2010.0,,,38.7166667,-91.433333,F,6443643,MO-3789698,10/16/10,,10.0,2026_dataset,0.08685726282433265
204,MO,MBOT,1998.0,,,38.6333333,-90.233333,F,4942598,MO-3789699,9/9/98,,9.0,2026_dataset,0.08695843977622983
205,MO,MBOT,1994.0,,,36.6833333,-91.7,F,4657058A,MO-3789700,9/29/94,,9.0,2026_dataset,8927.301308300257
206,MO,MBOT,1994.0,,,36.6833333,-91.7,F,4657058B,MO-3789700,9/29/94,,9.0,2026_dataset,8927.301308300257
207,MO,UWLA,1891.0,,,38.7666667,-90.666667,F,1740863,MO-3789701,3/5/05,,8.0,2026_dataset,0.08679646849389897
208,MO,MBOT,2001.0,,,37.25,-89.466667,F,5573686,MO-3789703,9/26/01,,9.0,2026_dataset,1113.2
209,MO,MBOT,1979.0,,,32.6333333,-93.9,F,5429075,MO-3789705,10/28/79,,10.0,2026_dataset,9374.689239951846
210,MO,MBOT,2013.0,,,42.9833333,-91.133333,F,6464420,MO-3789706,9/13/13,,9.0,2026_dataset,0.08143637491312658
211,MO,North carolina state,1892.0,,,38.55,-89.916667,M,1740834,MO-3789707,9/4/1892,,9.0,2026_dataset,1113.2
212,MO,MBOT,2009.0,,,41.55,-83.65,F,6443691,MO-3789708,9/28/09,,9.0,2026_dataset,1113.2
213,MO,MBOT,2009.0,,,39.2666667,-83.383333,M,6443692A,MO-3789709,9/29/09,,9.0,2026_dataset,0.08618489739278551
214,MO,MBOT,2009.0,,,39.2666667,-83.383333,F,6443692B,MO-3789709,9/29/09,,9.0,2026_dataset,0.08618489739278551
215,MO,MBOT,2009.0,,,41.5,-82.933333,F,6443693A,MO-3789710,9/28/09,,9.0,2026_dataset,11132.0
216,MO,MBOT,2009.0,,,41.5,-82.933333,F,6443693B,MO-3789710,9/28/09,,9.0,2026_dataset,11132.0
217,MO,MBOT,2009.0,,,41.0333333,-83.8,F,6443694A,MO-3789711,9/28/09,,9.0,2026_dataset,8397.176771639344
218,MO,MBOT,2014.0,,,43.2666667,-90.366667,M,6604147,MO-3789712,8/31/14,,8.0,2026_dataset,0.08106006551963259
219,MO,MBOT,2010.0,,,40.1666667,-83.116667,F,6443679,MO-3789713,9/17/10,,9.0,2026_dataset,0.0850675614770462
220,MO,MBOT,2010.0,,,40.5,-84.533333,F,6443677A,MO-3789714,9/17/10,,9.0,2026_dataset,11132.0
221,MO,North carolina state,2018.0,,,43.3166667,-90.35,F,6901691,MO-3789715,8/29/18,,8.0,2026_dataset,809.9345196339555
222,MO,North carolina state,2018.0,,,43.3166667,-90.35,M,6901689,MO-3789716,8/29/18,,8.0,2026_dataset,809.9345196339555
223,MO,North carolina state,2018.0,,,42.6666667,-90.8,M,6903672,MO-3789717,8/2/18,,8.0,2026_dataset,8185.459873332793
224,MO,North carolina state,2018.0,,,43.2,-90.433333,M,6904066,MO-3789718,9/13/18,,9.0,2026_dataset,11132.0
225,MO,North carolina state,2020.0,,,43.3,-90.333333,M,6985194,MO-3789720,8/13/20,,8.0,2026_dataset,11132.0
226,MO,North carolina state,2017.0,,,43.5333333,-90.616667,F,6858783,MO-3789721,9/19/17,,9.0,2026_dataset,0.08070408121411397
227,MO,North carolina state,2017.0,,,43.0666667,-90.883333,F,6858790,MO-3789722,10/20/17,,10.0,2026_dataset,0.08132590193033402
228,MO,North carolina state,2001.0,,,38.8333333,-89.9,F,5476285,MO-3789723,9/27/01,,9.0,2026_dataset,8671.530665477167
229,MO,North carolina state,1999.0,,,33.2833333,-91.3,F,5700937,MO-3789724,10/1/99,,10.0,2026_dataset,9305.984984505754
230,MO,North carolina state,1963.0,,,37.2333333,-88.733333,F,1982319,MO-3789725,11/14/63,,11.0,2026_dataset,0.08863053964554955
231,MO,North carolina state,1922.0,,,43.6166667,-73.016667,M,914933,MO-3789726,8/25/22,,8.0,2026_dataset,0.08059247712400175
232,MO,North carolina state,2005.0,,,34.55,-92.7,M,6156186,MO-3789727,8/17/05,,8.0,2026_dataset,9168.666884302183
233,MO,North carolina state,2009.0,,,40.0166667,-90.616667,M,6443664,MO-3789728,10/12/09,,10.0,2026_dataset,0.08525524921907622
234,MO,North carolina state,2009.0,,,40.0166667,-90.616667,F,6443664,MO-3789728,10/12/09,,10.0,2026_dataset,0.08525524921907622
235,MO,North carolina state,2019.0,,,43.4333333,-90.35,M,6959141,MO-3789729,9/1/19,,9.0,2026_dataset,808.3778064218409
236,MO,North carolina state,2020.0,,,42.3,-90.333333,M,6985193,MO-3789730,8/13/20,,8.0,2026_dataset,11132.0
237,MO,North carolina state,2019.0,,,43.3333333,-90.4,M,6959145,MO-3789731,9/3/19,,9.0,2026_dataset,8097.1233824355095
238,MO,North carolina state,2019.0,,,43.3333333,-90.4,M,6959146,MO-3789732,9/3/19,,9.0,2026_dataset,8097.1233824355095
239,MO,North carolina state,2009.0,,,42.95,-81.3,F,6443683,MO-3789733,9/22/09,,9.0,2026_dataset,8148.051580410715
240,MO,North carolina state,2009.0,,,42.0,-82.766667,M,6443684,MO-3789734,9/20/09,,9.0,2026_dataset,111320.0
241,MO,North carolina state,2009.0,,,42.0,-82.766667,F,6443684,MO-3789734,9/20/09,,9.0,2026_dataset,111320.0
242,MO,North carolina state,2009.0,,,42.6333333,-80.816667,F,6443687,MO-3789735,9/22/09,,9.0,2026_dataset,0.08189847716139344
243,MO,North carolina state,2009.0,,,40.9166667,-90.95,F,6443665,MO-3789736,10/13/09,,10.0,2026_dataset,841.2040298126866
244,MO,North carolina state,2009.0,,,40.1166667,-90.366667,M,6443663,MO-3789737,10/12/09,,10.0,2026_dataset,0.08513018890394637
245,MO,North carolina state,2009.0,,,40.1166667,-90.366667,F,6443663,MO-3789737,10/12/09,,10.0,2026_dataset,0.08513018890394637
246,MO,North carolina state,2009.0,,,40.5666667,-89.65,M,6443662,MO-3789738,10/12/09,,10.0,2026_dataset,845.6421390310128
247,MO,North carolina state,2009.0,,,40.5666667,-89.65,F,6443662,MO-3789738,10/12/09,,10.0,2026_dataset,845.6421390310128
248,MO,North carolina state,2019.0,,,43.4166667,-90.366667,M,6959143,MO-3789739,9/1/19,,9.0,2026_dataset,0.08086003986158657
249,MO,North carolina state,2009.0,,,38.7833333,-90.433333,F,6449635,MO-3789741,10/7/09,,10.0,2026_dataset,0.08677618910720221
250,MO,North carolina state,2011.0,,,38.7166667,-91.433333,F,6449613,MO-3789742,10/29/11,,,2026_dataset,0.08685726282433265
251,MO,North carolina state,2011.0,,,39.2,-93.683333,M,6449631,MO-3789744,10/29/11,,10.0,2026_dataset,11132.0
252,MO,North carolina state,2011.0,,,39.2,-93.683333,F,6449631,MO-3789744,10/29/11,,10.0,2026_dataset,11132.0
253,MO,North carolina state,2009.0,,,38.5833333,-90.816667,M,6449633,MO-3789745,8/13/09,,8.0,2026_dataset,0.08701905761560454
254,MO,North carolina state,2009.0,,,38.5833333,-90.816667,F,6449633,MO-3789745,8/13/09,,8.0,2026_dataset,0.08701905761560454
255,MO,North carolina state,2009.0,,,38.85,-90.233333,M,6449636,MO-3789746,8/17/09,,7.0,2026_dataset,1113.2
256,MO,North carolina state,2009.0,,,38.85,-90.233333,F,6449636,MO-3789746,8/17/09,,7.0,2026_dataset,1113.2
257,MO,North carolina state,2019.0,,,43.4166667,-90.366667,M,6959144,MO-3789747,9/1/19,,9.0,2026_dataset,0.08086003986158657
258,MO,North carolina state,2011.0,,,38.6666667,-91.55,M,6449630,MO-3789748,10/29/11,,10.0,2026_dataset,869.1799100918232
259,MO,North carolina state,2011.0,,,38.6666667,-91.55,F,6449630,MO-3789748,10/29/11,,10.0,2026_dataset,869.1799100918232
260,MO,North carolina state,2009.0,,,38.55,-90.416667,F,6449634,MO-3789749,8/6/09,,8.0,2026_dataset,1113.2
261,MO,MBOT,1997.0,,,38.7666667,-90.666667,F,4871535,MO-3789750,10/16/97,,10.0,2026_dataset,0.08679646849389897
262,MO,MBOT,1996.0,,,38.75,-91.15,F,5093390,MO-3789751,10/5/96,,10.0,2026_dataset,1113.2
263,MO,North carolina state,2019.0,,,43.4333333,-90.35,F,6959142,MO-3789752,9/1/19,,9.0,2026_dataset,808.3778064218409
264,MO,North carolina state,1997.0,,,38.7666667,-90.666667,F,4871427,MO-3789753,10/16/97,,10.0,2026_dataset,0.08679646849389897
265,MO,North carolina state,1996.0,,,38.9833333,-90.683333,F,5093847,MO-3789754,10/10/96,,10.0,2026_dataset,0.08653226325832052
266,MO,North carolina state,1976.0,,,39.4333333,-92.5,F,4948117,MO-3789755,10/11/76,,10.0,2026_dataset,8597.957961285847
267,MO,North carolina state,1965.0,,,39.65,-94.8,M,1823191,MO-3789756,7/3/65,,7.0,2026_dataset,8571.157896335857
268,MO,North carolina state,2009.0,,,38.78155,-90.468967,F,6449621,MO-3789743,,,10.0,2026_dataset,1.1132000000000002
269,MO,MBOT,1955.0,,,38.648611,-90.241944,,2602078-6L,MO-2109223,9/18/55,18.0,9.0,2026_dataset,0.11131999999999999
270,MO,MBOT,2014.0,,,42.070556,-101.041389,M,6588800,MO-2787647,7/17/14,17.0,7.0,2026_dataset,0.11131999999999999
271,MO,MBOT,2009.0,,,41.0333333,-83.8,M,6443694B,MO-3789711,9/28/09,,9.0,2026_dataset,8397.176771639344
272,MO,MBOT,2010.0,,,40.1666667,-83.116667,F,6443678,MO-3789713,9/17/10,,9.0,2026_dataset,0.0850675614770462
273,MO,MBOT,2010.0,,,40.5,-84.533333,M,6443677B,MO-3789714,9/17/10,,9.0,2026_dataset,11132.0
274,MO,ISU,1970.0,,,34.316667,-91.4,F,2605276,MO-029956,9/19/70,19.0,9.0,2026_dataset,9194.30099701273
275,MO,MBOT,2020.0,,,42.835278,-90.650833,M,6994491,	MO-3789678,8/27/20,27.0,8.0,2026_dataset,0.11131999999999999
276,MO,MBOT,1978.0,,,38.55,-89.916667,F,2987257,	MO-3789677,9/15/78,15.0,9.0,2026_dataset,1113.2
277,MSC,Michigan State University Herbarium,2022.0,,,41.788095,-84.474288,,,MSC0288710,9/5/22,,9.0,2026_dataset,0.11131999999999999
278,MSC,Michigan State University Herbarium,2022.0,,,42.730427,-84.484895,,,MSC0287365,8/18/22,,8.0,2026_dataset,0.11131999999999999
279,MSC,Michigan State University Herbarium,2010.0,,,42.764389,-84.386333,,,MSC0177640,10/3/10,,10.0,2026_dataset,0.11131999999999999
280,MSC,Michigan State University Herbarium,2023.0,,,42.82457,-84.38731,,,MSC0292632,7/27/23,,7.0,2026_dataset,1.1132000000000002
281,MSC,Michigan State University Herbarium,2022.0,,,43.72648,-82.62783,,,MSC0287711,9/5/22,,9.0,2026_dataset,1.1132000000000002
282,MSC,Michigan State University Herbarium,2022.0,,,43.72648,-82.62783,,,MSC0287712,9/5/22,,9.0,2026_dataset,1.1132000000000002
283,NY,New York BG,2012.0,,,30.0549,-90.372425,,2127909,13009,10/3/12,,10.0,2026_dataset,11.132
284,NY,New York BG,2012.0,,,30.179886,-97.740225,M,200436,,7/26/12,,7.0,2026_dataset,0.11131999999999999
285,NY,New York BG,2012.0,,,30.180186,-97.744536,M,200419,,7/25/12,,7.0,2026_dataset,0.11131999999999999
286,NY,New York BG,1999.0,,,33.088374,-91.372894,,3364726,163549,10/1/99,,10.0,2026_dataset,0.11131999999999999
287,NY,New York BG,1994.0,,,33.196271,-91.1252,,3365163,142791,9/30/94,,9.0,2026_dataset,9.315257031416474
288,NY,New York BG,1993.0,,,33.73,-96.77,,3364698,43986,9/29/93,,9.0,2026_dataset,1113.2
289,NY,New York BG,1999.0,,,33.771768,-93.030094,,3364725,163230,9/26/99,,9.0,2026_dataset,0.11131999999999999
290,NY,New York BG,2010.0,,,36.5564,-89.9542,,3364790,57124,6/11/10,,6.0,2026_dataset,11.132
291,NY,New York BG,2015.0,,,39.47811,-118.80911,,2633747,17231,9/8/15,,9.0,2026_dataset,1.1132000000000002
292,NY,New York BG,2009.0,,,39.7128,-91.3558,,3364720,56468,8/31/09,,8.0,2026_dataset,11.132
293,NY,New York BG,2000.0,,,42.708038,-90.983142,,3365151,51039,9/24/00,,9.0,2026_dataset,0.11131999999999999
294,NY,New York BG,2000.0,,,42.708038,-90.983142,,3365152,51038,9/24/00,,9.0,2026_dataset,0.11131999999999999
295,NY,New York BG,2010.0,,,43.1842,-90.4433,,3364723,57223,9/4/10,,9.0,2026_dataset,11.132
296,NY,New York BG,2010.0,,,43.1842,-90.4433,,3364724,57222,9/4/10,,9.0,2026_dataset,11.132
297,NY,New York BG,2011.0,,,43.2111,-90.3061,,3365150,58153,10/3/11,,10.0,2026_dataset,11.132
298,PRC,Billie L Turner Plant Resources Center ,2006.0,,,28.12028,-98.76311,,,TEX00446609,,,10.0,2026_dataset,1.1132000000000002
299,PRC,Billie L Turner Plant Resources Center ,2016.0,,,28.65297,-97.38194,,,TEX00493983 A,,,5.0,2026_dataset,1.1132000000000002
300,PRC,Billie L Turner Plant Resources Center ,2016.0,,,28.65297,-97.38194,,,TEX00493983 B,,,5.0,2026_dataset,1.1132000000000002
301,PRC,Billie L Turner Plant Resources Center ,2016.0,,,29.572783,-97.975783,,,TEX00575555,,,9.0,2026_dataset,0.11131999999999999
302,PRC,Billie L Turner Plant Resources Center ,2012.0,,,30.14887,-98.00535,,,TEX00566862,,,12.0,2026_dataset,1.1132000000000002
303,PRC,Billie L Turner Plant Resources Center ,2017.0,,,30.24694,-97.699889,,,TEX00583385,,,11.0,2026_dataset,1.1132000000000002
304,PRC,Billie L Turner Plant Resources Center ,2017.0,,,30.24694,-97.699889,,,TEX00583386,,,11.0,2026_dataset,1.1132000000000002
305,PRC,Billie L Turner Plant Resources Center ,2001.0,,,30.356,-96.1893,,,TEX00428660,,,8.0,2026_dataset,111.32000000000001
306,PRC,Billie L Turner Plant Resources Center ,2018.0,,,30.712106,-97.29599,,,TEX00516722,,,7.0,2026_dataset,0.9570674438341034
307,PRC,Billie L Turner Plant Resources Center ,2009.0,,,32.6225,-97.62319,,,TEX00455019,,,9.0,2026_dataset,11.132
308,PRC,Billie L Turner Plant Resources Center ,2008.0,,,33.34414,-102.60536,,,TEX00492263,,,9.0,2026_dataset,1.1132000000000002
309,PRC,Billie L Turner Plant Resources Center ,1993.0,,,33.73333,-96.56667,,,TEX00297529,,,9.0,2026_dataset,1.1132000000000002
310,UNA,University of Alabama ,2002.0,,,31.31,-85.49,,,UNA00059515,8-Sep-02,8.0,9.0,2026_dataset,1113.2
311,UNA,University of Alabama ,2003.0,,,32.51,-87.82,,,UNA00061124,5/10/03,10.0,5.0,2026_dataset,1113.2
312,UNA,University of Alabama ,2005.0,,,32.53,-86.31,,,UNA00066381,6/18/05,18.0,6.0,2026_dataset,1113.2
313,UNA,University of Alabama ,2007.0,,,33.19,-86.77,,,UNA00069077,6/2/07,2.0,6.0,2026_dataset,1113.2
314,UNA,University of Alabama ,1996.0,,,33.51,-86.82,,,UNA00047127,7/1/96,,7.0,2026_dataset,1113.2
315,UNA,University of Alabama ,2002.0,,,33.51,-86.82,,,UNA00059326,7/25/02,25.0,7.0,2026_dataset,1113.2
316,UNA,University of Alabama ,1959.0,,,34.906368,-90.551726,,,UNA00033219,13-Sep-59,,9.0,2026_dataset,0.11131999999999999
317,UNA,University of Alabama ,2002.0,,,33.51,-86.82,,,UNA00059327,7/25/02,,7.0,2026_dataset,1113.2
318,USF,University of South Florida Herbarium ,1994.0,,,37.69685576,-88.12140628,,215648,,9/22/94,,,2026_dataset,0.0011132
319,USF,University of South Florida Herbarium ,1995.0,,,40.11611,-87.76667,,212270,,9/6/95,,,2026_dataset,1.1132000000000002
320,USF,University of South Florida Herbarium ,2005.0,,,41.6361,-88.5061,,267244,,8/26/05,,,2026_dataset,11.132
321,USF,University of South Florida Herbarium ,1956.0,,,44.0056,-91.4422,F,72633,,8/1/56,,8.0,2026_dataset,11.132
322,UWGB,Fewless Herbarium,2004.0,,,44.38187,-88.60318,,,UWGB001308,10/24/04,,10.0,2026_dataset,1.1132000000000002
323,UWGB,Fewless Herbarium,2016.0,,,44.47322,-88.05451,,,UWGB001254,8/4/16,,8.0,2026_dataset,1.1132000000000002
324,UWGB,Fewless Herbarium,1999.0,,,44.5782,-87.90464,,,UWGB001256,9/14/99,,9.0,2026_dataset,11.132
325,UWGB,Fewless Herbarium,1999.0,,,44.58002,-87.90894,,,UWGB001257,7/21/99,,7.0,2026_dataset,1.1132000000000002
326,UWGB,Fewless Herbarium,2001.0,,,44.60018,-88.02427,,,UWGB001255,8/12/01,,8.0,2026_dataset,1.1132000000000002
327,UWGB,Fewless Herbarium,1998.0,,,44.730833,-88.56517,,,UWGB001261,9/16/98,,9.0,2026_dataset,0.7908404879893496
328,UWGB,Fewless Herbarium,1991.0,,,45.08584,-87.58885,,,UWGB001260,9/12/91,,9.0,2026_dataset,1.1132000000000002
329,TAC,Tarleton State University ,2001.0,,,32.071669,-98.494947,,,TAC05642,5/20/01,,5.0,2026_dataset,0.11131999999999999
330,TAC,Tarleton State University ,2001.0,,,31.969722,-98.476944,,,TAC05487,6/23/01,,6.0,2026_dataset,0.11131999999999999
331,TAC,Tarleton State University ,2001.0,,,32.071669,-98.494947,,,TAC05644,5/20/01,,5.0,2026_dataset,0.11131999999999999
332,TAC,Tarleton State University ,2001.0,,,31.969722,-98.476944,,,TAC05588,9/27/01,,9.0,2026_dataset,0.11131999999999999
333,TAC,Tarleton State University ,2002.0,,,32.323579,-98.641499,,,TAC00383,8/25/02,,8.0,2026_dataset,0.11131999999999999
334,TAC,Tarleton State University ,2001.0,,,32.071669,-98.494947,,,TAC05643,5/20/01,,5.0,2026_dataset,0.11131999999999999
335,TAC,Tarleton State University ,2001.0,,,32.071669,-98.494947,,,TAC05640,5/20/01,,5.0,2026_dataset,0.11131999999999999
336,TAC,Tarleton State University ,2001.0,,,31.969722,-98.476944,,,TAC05402,6/23/01,,6.0,2026_dataset,0.11131999999999999
337,TAC,Tarleton State University ,2001.0,,,31.969722,-98.476944,,,TAC05389,6/23/01,,6.0,2026_dataset,0.11131999999999999
338,TAC,Tarleton State University ,2001.0,,,31.969722,-98.476944,,,TAC05478,9/12/01,,9.0,2026_dataset,0.11131999999999999
339,TAC,Tarleton State University ,2001.0,,,32.071669,-98.494947,,,TAC05641,5/20/01,,5.0,2026_dataset,0.11131999999999999
340,TAC,Tarleton State University ,2001.0,,,31.969722,-98.476944,,,TAC05382,6/23/01,,6.0,2026_dataset,0.11131999999999999
341,ILLS,INHS/ILLS Herbarium ,2000.0,,,39.982275,-90.525964,,205271,,6/7/00,,6.0,2026_dataset,0.11131999999999999
342,ILLS,INHS/ILLS Herbarium ,2006.0,,,40.72222,-89.5526,,236942,,9/21/06,,9.0,2026_dataset,8.436735605678477
343,ILLS,INHS/ILLS Herbarium ,2006.0,,,40.48157,-89.92232,,235960,,10/10/06,,10.0,2026_dataset,1.1132000000000002
344,ILLS,INHS/ILLS Herbarium ,2005.0,,,41.457917,-88.308444,,242814,,8/3/05,,8.0,2026_dataset,0.11131999999999999
345,ILLS,INHS/ILLS Herbarium ,2008.0,,,40.78627,-89.53815,,243425,,9/3/08,,9.0,2026_dataset,1.1132000000000002
346,ILLS,INHS/ILLS Herbarium ,2005.0,,,42.35383,-87.93063,,252874,,8/9/05,,8.0,2026_dataset,1.1132000000000002
347,ILLS,INHS/ILLS Herbarium ,2005.0,,,40.36139,-89.11697,,254459,,10/11/05,,10.0,2026_dataset,1.1132000000000002
348,ILLS,INHS/ILLS Herbarium ,2006.0,,,41.63887,-89.53553,,257883,,9/13/06,,9.0,2026_dataset,1.1132000000000002
349,ILLS,INHS/ILLS Herbarium ,2000.0,,,41.64748,-89.48854,,261418,,9/5/00,,9.0,2026_dataset,1.1132000000000002
350,ILLS,INHS/ILLS Herbarium ,2000.0,,,41.63124,-89.50488,,261447,,9/5/00,,9.0,2026_dataset,1.1132000000000002
351,ILLS,INHS/ILLS Herbarium ,1992.0,,,37.826613,-89.516352,,180140,,9/3/92,,9.0,2026_dataset,0.11131999999999999
352,ILLS,INHS/ILLS Herbarium ,1992.0,,,40.225681,-87.755173,,193905,,9/28/92,,9.0,2026_dataset,0.11131999999999999
353,ILLS,INHS/ILLS Herbarium ,2009.0,,,40.65987,-89.1265,,249188,,8/13/09,,8.0,2026_dataset,8.444633679909611
354,ILLS,INHS/ILLS Herbarium ,1994.0,,,39.19449,-89.59315,,260651,,8/13/94,,8.0,2026_dataset,1.1132000000000002
355,ILLS,INHS/ILLS Herbarium ,2009.0,,,40.0531,-87.9919,,247720,,9/30/09,,9.0,2026_dataset,11.132
356,IND,Indiana University Deam Herbarium,2023.0,,,38.442791,-87.633932,M,7937,IND-0165046,8/17/23,17.0,8.0,2026_dataset,0.11131999999999999
357,IND,Indiana University Deam Herbarium,2023.0,,,40.339616,-87.312216,M,7792,IND-0164900,7/27/23,27.0,7.0,2026_dataset,0.11131999999999999
358,IND,Indiana University Deam Herbarium,2022.0,,,39.227208,-87.574407,M,5048,IND-0162122,9/1/22,1.0,9.0,2026_dataset,0.11131999999999999
359,IND,Indiana University Deam Herbarium,2022.0,,,39.355647,-87.516402,M,5030,IND-0162105,9/1/22,1.0,9.0,2026_dataset,0.11131999999999999
360,IND,Indiana University Deam Herbarium,2022.0,,,39.601103,-87.411871,M,4824,IND-0161898,8/20/22,20.0,8.0,2026_dataset,0.11131999999999999
361,IND,Indiana University Deam Herbarium,2022.0,,,40.414807,-87.344279,M,4673,IND-0161743,8/14/22,14.0,8.0,2026_dataset,0.11131999999999999
362,IND,Indiana University Deam Herbarium,2022.0,,,40.474649,-86.877481,F,5275,IND-0162338,9/22/22,22.0,9.0,2026_dataset,0.11131999999999999
363,IND,Indiana University Deam Herbarium,2022.0,,,38.087525,-87.955129,M,5153,IND-0162217,9/8/22,8.0,9.0,2026_dataset,0.11131999999999999
364,IND,Indiana University Deam Herbarium,2022.0,,,39.779489,-87.384353,M,4894,IND-0161969,8/21/22,21.0,8.0,2026_dataset,0.11131999999999999
365,IND,Indiana University Deam Herbarium,2022.0,,,39.890452,-87.186677,M,4573,IND-0161642,8/7/22,7.0,8.0,2026_dataset,0.11131999999999999
366,IND,Indiana University Deam Herbarium,2022.0,,,38.590679,-87.639014,M,4251,IND-0161329,7/16/22,16.0,7.0,2026_dataset,0.11131999999999999
367,IND,Indiana University Deam Herbarium,2022.0,,,38.08482,-87.951071,F,5556,IND-0162620,10/12/22,12.0,10.0,2026_dataset,1.1132000000000002
368,IND,Indiana University Deam Herbarium,2022.0,,,37.876235,-88.051181,M,5135,IND-0162199,9/7/22,7.0,9.0,2026_dataset,0.11131999999999999
369,IND,Indiana University Deam Herbarium,2022.0,,,39.391093,-87.523729,M,4983,IND-0162059,8/31/22,31.0,8.0,2026_dataset,0.11131999999999999
370,IND,Indiana University Deam Herbarium,2022.0,,,39.859118,-87.28957,M,4917,IND-0161992,8/21/22,21.0,8.0,2026_dataset,0.8545175308180658
371,IND,Indiana University Deam Herbarium,2022.0,,,39.890452,-87.186677,M,4574,IND-0161643,8/7/22,7.0,8.0,2026_dataset,0.11131999999999999
372,IND,Indiana University Deam Herbarium,2022.0,,,38.087525,-87.955129,M,5151,IND-0162215,9/8/22,8.0,9.0,2026_dataset,0.11131999999999999
373,IND,Indiana University Deam Herbarium,2022.0,,,39.659596,-87.38441,M,4846,IND-0161921,8/20/22,20.0,8.0,2026_dataset,0.8569968104989544
374,IND,Indiana University Deam Herbarium,2021.0,,,40.336252,-87.163204,M,3226,IND-0160440,8/16/21,16.0,8.0,2026_dataset,0.11131999999999999
375,IND,Indiana University Deam Herbarium,2021.0,,,40.381409,-87.082133,F,3280,IND-0160499,8/18/21,18.0,8.0,2026_dataset,0.11131999999999999
376,IND,Indiana University Deam Herbarium,1908.0,,,48.288888,-99.437635,M,s.n.,IND-0088754,8/15/08,15.0,8.0,2026_dataset,0.11131999999999999
377,IND,Indiana University Deam Herbarium,1976.0,,,45.5,-73.583333,M,B76-736,IND-0088759,8/24/76,24.0,8.0,2026_dataset,11132.0
378,IND,Indiana University Deam Herbarium,1941.0,,,37.870283,-87.634147,M,s.n.,IND-0088731,11/7/41,7.0,11.0,2026_dataset,0.11131999999999999
379,IND,Indiana University Deam Herbarium,1936.0,,,40.857577,-87.354358,M,57326,IND-0088711,9/7/36,7.0,9.0,2026_dataset,0.11131999999999999
380,IND,Indiana University Deam Herbarium,1918.0,,,41.275398,-87.072552,F,26526,IND-0088719,9/15/18,15.0,9.0,2026_dataset,0.11131999999999999
381,IND,Indiana University Deam Herbarium,1977.0,,,39.919349,-87.423004,F,2135,IND-0088733,10/7/77,7.0,10.0,2026_dataset,0.11131999999999999
382,IND,Indiana University Deam Herbarium,2005.0,,,39.480712,-87.420672,M,051003a7,IND-0088736,10/3/05,3.0,10.0,2026_dataset,0.11131999999999999
383,IND,Indiana University Deam Herbarium,1992.0,,,40.103901,-85.617579,F,2749,IND-0088708,9/28/92,28.0,9.0,2026_dataset,0.11131999999999999
384,IND,Indiana University Deam Herbarium,1927.0,,,40.504987,-85.215735,F,45371,IND-0088681,9/12/27,12.0,9.0,2026_dataset,0.11131999999999999
385,IND,Indiana University Deam Herbarium,2005.0,,,39.481944,-87.4225,F,051003a28,IND-0088734,10/3/05,3.0,10.0,2026_dataset,8.59195586246587
386,IND,Indiana University Deam Herbarium,1939.0,,,38.911016,-87.478868,F,59427,IND-0088724,9/1/39,1.0,9.0,2026_dataset,0.11131999999999999
387,IND,Indiana University Deam Herbarium,1938.0,,,40.506857,-85.08114,M,59138,IND-0088696,9/11/38,11.0,9.0,2026_dataset,0.8463973923300344
388,IND,Indiana University Deam Herbarium,1944.0,,,39.486922,-86.358805,F,s.n.,IND-0088710,7/10/44,10.0,7.0,2026_dataset,0.11131999999999999
389,IND,Indiana University Deam Herbarium,2008.0,,,41.50505,-85.422758,M,158,IND-0088691,8/15/08,15.0,8.0,2026_dataset,1.1132000000000002
390,IND,Indiana University Deam Herbarium,1936.0,,,40.495424,-86.069294,M,s.n.,IND-0088693,9/6/36,6.0,9.0,2026_dataset,0.11131999999999999
391,IND,Indiana University Deam Herbarium,1987.0,,,38.756195,-90.188927,M,5725,IND-0088758,10/18/87,18.0,10.0,2026_dataset,0.11131999999999999
392,IND,Indiana University Deam Herbarium,2016.0,,,39.722669,-91.342189,M,s.n.,IND-0088757,8/24/16,24.0,8.0,2026_dataset,0.11131999999999999
393,IND,Indiana University Deam Herbarium,1941.0,,,37.941333,-87.461606,F,s.n.,IND-0088728,9/29/41,29.0,9.0,2026_dataset,0.11131999999999999
394,IND,Indiana University Deam Herbarium,1941.0,,,37.941333,-87.461606,M,s.n.,IND-0088732,9/5/41,5.0,9.0,2026_dataset,0.11131999999999999
395,IND,Indiana University Deam Herbarium,1945.0,,,38.008799,-86.083287,F,63715,IND-0088692,9/1/45,1.0,9.0,2026_dataset,0.11131999999999999
396,OKL,Oklahoma Biological Survey ,2013.0,,,34.4428897,-96.6230523,M,20002643,OKL270746,9/25/13,9.0,25.0,2026_dataset,0.011132
397,OKL,Oklahoma Biological Survey ,2016.0,,,34.438548,-96.66927,M,20002630,OKL273087,10/12/16,10.0,12.0,2026_dataset,0.9180930067958772
398,OKL,Oklahoma Biological Survey ,2016.0,,,34.446861,-96.641521,M,20002624,OKL273080,8/26/16,8.0,26.0,2026_dataset,0.11131999999999999
399,OKL,Oklahoma Biological Survey/Robert Bebb Herbarium,1990.0,,,33.932,-94.6961,,10206,OKL182688,5/1/96,22.0,234.0,2026_dataset,111.32000000000001
400,OKL,Oklahoma Biological Survey/Robert Bebb Herbarium,1990.0,,,33.9466,-94.5566,M,10245,OKL182669,5/1/96,24.0,236.0,2026_dataset,11.132
401,OKL,Oklahoma Biological Survey/Robert Bebb Herbarium,1996.0,,,34.499,-96.994,,CHK0830,OKL203099,8/9/96,9.0,222.0,2026_dataset,111.32000000000001
402,OKL,Oklahoma Biological Survey/Robert Bebb Herbarium,1996.0,,,36.1808,-96.2423,M,127,OKL251634,7/3/96,3.0,185.0,2026_dataset,11.132
403,OKL,Oklahoma Biological Survey/Robert Bebb Herbarium,1997.0,,,33.8262,-97.048,F,LV420,OKL206771,10/9/97,9.0,282.0,2026_dataset,92.47686378060152
404,OKL,Oklahoma Biological Survey/Robert Bebb Herbarium,1998.0,,,33.8801,-97.9321,M,E557,OKL207958,9/10/98,10.0,253.0,2026_dataset,11.132
405,OKL,Oklahoma Biological Survey/Robert Bebb Herbarium,1998.0,,,35.6171,-96.3434,M,DFX473,OKL209358,8/27/98,27.0,239.0,2026_dataset,11.132
406,OKL,Oklahoma Biological Survey/Robert Bebb Herbarium,2000.0,,,35.6196,-96.0609,M,AB-901,OKL216585,10/24/00,24.0,298.0,2026_dataset,11.132
407,OKL,Oklahoma Biological Survey/Robert Bebb Herbarium,2000.0,,,36.7344,-95.5397,F,OOL656,OKL214576,9/20/00,20.0,264.0,2026_dataset,11.132
408,OKL,Oklahoma Biological Survey/Robert Bebb Herbarium,2001.0,,,35.8268,-99.0195,M,AB-1695,OKL218111,9/22/07,24.0,267.0,2026_dataset,11.132
409,OKL,Oklahoma Biological Survey/Robert Bebb Herbarium,2001.0,,,36.2485,-97.3363,M,AB-318,OKL217652,8/28/01,28.0,240.0,2026_dataset,11.132
410,OKL,Oklahoma Biological Survey/Robert Bebb Herbarium,2001.0,,,34.0046,-95.3736,,HUGO666,OKL218175,9/17/01,17.0,260.0,2026_dataset,11.132
411,OKL,Oklahoma Biological Survey/Robert Bebb Herbarium,2002.0,,,36.2379,-98.9214,F,AB-2489,OKL221151,7/24/02,24.0,205.0,2026_dataset,11.132
412,OKL,Oklahoma Biological Survey/Robert Bebb Herbarium,2002.0,,,34.9059,-98.5236,F,2604-bwh,OKL228000,9/4/02,4.0,247.0,2026_dataset,11.132
413,OKL,Oklahoma Biological Survey/Robert Bebb Herbarium,2002.0,,,35.8834,-97.9899,M,AB-2490,OKL220305,7/24/02,24.0,205.0,2026_dataset,11.132
414,OKL,Oklahoma Biological Survey/Robert Bebb Herbarium,2002.0,,,35.8834,-97.9899,M,AB-2517,OKL232718a,7/24/02,24.0,205.0,2026_dataset,11.132
415,OKL,Oklahoma Biological Survey/Robert Bebb Herbarium,2002.0,,,36.2485,-97.3363,M,AB-2819,OKL218348,7/2/02,2.0,183.0,2026_dataset,11.132
416,OKL,Oklahoma Biological Survey/Robert Bebb Herbarium,2002.0,,,35.1525,-97.1862,F,2732,OKL219813,10/2/02,2.0,275.0,2026_dataset,11.132
417,OKL,Oklahoma Biological Survey/Robert Bebb Herbarium,2002.0,,,36.1504,-96.3974,M,KEY-311,OKL233217a,7/10/02,10.0,191.0,2026_dataset,11.132
418,OKL,Oklahoma Biological Survey/Robert Bebb Herbarium,2003.0,,,36.9864,-101.388,M,76,OKL224303,8/30/03,30.0,242.0,2026_dataset,88.92000450123467
419,OKL,Oklahoma Biological Survey/Robert Bebb Herbarium,2003.0,,,34.9059,-98.5236,,AB-7109,OKL235070a,6/3/03,3.0,154.0,2026_dataset,11.132
420,OKL,Oklahoma Biological Survey/Robert Bebb Herbarium,2004.0,,,36.2904,-96.5379,M,AB-6385,OKL228105,10/1/04,1.0,275.0,2026_dataset,11.132
421,OKL,Oklahoma Biological Survey/Robert Bebb Herbarium,2004.0,,,36.6849,-94.7236,M,AB-6715,OKL229497,9/23/04,23.0,267.0,2026_dataset,11.132
422,OKL,Oklahoma Biological Survey/Robert Bebb Herbarium,2004.0,,,36.6849,-94.7236,M,AB-6729,OKL229586,9/23/04,23.0,267.0,2026_dataset,11.132
423,OKL,Oklahoma Biological Survey/Robert Bebb Herbarium,2005.0,,,35.1819,-98.0653,M,44,OKL227592,1/1/10,16.0,197.0,2026_dataset,11.132
424,OKL,Oklahoma Biological Survey/Robert Bebb Herbarium,2007.0,,,33.9458,-94.7531,,LR-516,OKL240537a,9/1/07,1.0,244.0,2026_dataset,11.132
425,OKL,Oklahoma Biological Survey/Robert Bebb Herbarium,2010.0,,,36.2279,-95.8956,M,O-336,OKL257357,9/1/10,1.0,244.0,2026_dataset,11.132
426,OKL,Oklahoma Biological Survey/Robert Bebb Herbarium,2011.0,,,36.2279,-95.8956,M,O-401,OKL254988,6/1/13,29.0,272.0,2026_dataset,11.132
427,OKL,Oklahoma Biological Survey/Robert Bebb Herbarium,2013.0,,,36.85036,-102.87642,,BM-038,OKL270360,8/7/13,7.0,219.0,2026_dataset,1.1132000000000002
428,OKL,Oklahoma Biological Survey/Robert Bebb Herbarium,2013.0,,,36.93687,-102.52358,M,BM-036,OKL270358,8/5/13,5.0,217.0,2026_dataset,1.1132000000000002
429,OKL,Oklahoma Biological Survey/Robert Bebb Herbarium,2013.0,,,35.5737,-96.0064,F,DF-037,OKL259719,10/25/13,25.0,298.0,2026_dataset,11.132
430,OKL,Oklahoma Biological Survey/Robert Bebb Herbarium,2014.0,,,35.5737,-96.0064,F,DF-036,OKL259720,9/19/14,19.0,262.0,2026_dataset,11.132
431,OKL,Oklahoma Biological Survey/Robert Bebb Herbarium,2019.0,,,35.236094,-97.411508,M,AB-12189,OKL275779,,23.0,235.0,2026_dataset,0.11131999999999999
432,TROY,The Troy University Herbarium,1987.0,,,36.65093,-89.130976,F,,TROY000013822,9/7/87,7.0,9.0,2026_dataset,1.1132000000000002
433,TROY,The Troy University Herbarium,1987.0,,,36.715307,-89.130777,M,,TROY000013820,7/5/87,5.0,7.0,2026_dataset,0.11131999999999999
434,TROY,The Troy University Herbarium,1987.0,,,36.715307,-89.130777,F,,TROY000013820,7/5/87,5.0,7.0,2026_dataset,0.11131999999999999
435,TROY,The Troy University Herbarium,1987.0,,,36.715307,-89.130777,M,,TROY000013821,7/18/87,18.0,7.0,2026_dataset,0.11131999999999999
436,TROY,The Troy University Herbarium,1989.0,,,36.715307,-89.130777,F,,TROY000013823,7/5/89,5.0,7.0,2026_dataset,0.11131999999999999
437,TROY,The Troy University Herbarium,1991.0,,,29.199922,-89.234316,,,TROY000013824,9/21/91,21.0,9.0,2026_dataset,0.11131999999999999
438,TROY,The Troy University Herbarium,2002.0,,,33.518889,-86.828889,,,TROY000013818,7/25/02,25.0,7.0,2026_dataset,0.11131999999999999
439,TROY,The Troy University Herbarium,2002.0,,,33.519167,-86.828889,,,TROY000013819,7/25/02,25.0,7.0,2026_dataset,0.11131999999999999
440,TROY,The Troy University Herbarium,2002.0,,,31.316667,-85.494167,,,TROY000000824,9/8/02,8.0,9.0,2026_dataset,0.11131999999999999
441,TROY,The Troy University Herbarium,2003.0,,,32.513333,-87.825556,M,,TROY000000825,5/10/03,10.0,5.0,2026_dataset,0.11131999999999999
442,TROY,The Troy University Herbarium,2003.0,,,32.513333,-87.825556,F,,TROY000000825,5/10/03,10.0,5.0,2026_dataset,0.11131999999999999
443,TROY,The Troy University Herbarium,2004.0,,,31.809167,-85.97,M,,TROY000000826,7/15/04,15.0,7.0,2026_dataset,946.0066798980794
444,TROY,The Troy University Herbarium,2005.0,,,32.538611,-86.315,,,TROY000013817,6/18/05,18.0,6.0,2026_dataset,93.84600764964624
445,TROY,The Troy University Herbarium,2007.0,,,30.709167,-88.049444,F,,TROY000021786,7/17/07,17.0,7.0,2026_dataset,0.11131999999999999
446,TROY,The Troy University Herbarium,2007.0,,,33.199167,-86.779444,M,,TROY000022878,6/2/07,2.0,6.0,2026_dataset,0.11131999999999999
447,TROY,The Troy University Herbarium,2007.0,,,33.199167,-86.779444,F,,TROY000022878,6/2/07,2.0,6.0,2026_dataset,0.11131999999999999
448,TROY,The Troy University Herbarium,2008.0,,,31.714444,-85.706472,,,TROY000014479,7/17/08,17.0,7.0,2026_dataset,0.11131999999999999
449,TROY,The Troy University Herbarium,2011.0,,,33.200561,-87.569932,,,TROY000034955,6/15/11,15.0,6.0,2026_dataset,0.11131999999999999
450,WIS,Wisconsin State Herbarium,1945.0,,,43.0916254,-88.32074,F,315,5181530,9/22/45,22.0,9.0,2026_dataset,0.8129278132276235
451,WIS,Wisconsin State Herbarium,1955.0,,,42.9817634,-88.571077,M,25,5241587,8/2/55,2.0,8.0,2026_dataset,0.08143845443736851
452,WIS,Wisconsin State Herbarium,1961.0,,,43.1548963,-90.0538129,M,18425,v0026814,8/1/61,1.0,8.0,2026_dataset,0.011132
453,WIS,Wisconsin State Herbarium,1972.0,,,43.3938747,-89.519082,F,1361,5210098,9/19/72,19.0,9.0,2026_dataset,0.08089046883469449
454,WIS,Wisconsin State Herbarium,1975.0,,,43.194881,-90.246944,F,7087,5011546,8/31/75,31.0,8.0,2026_dataset,0.11131999999999999
455,WIS,Wisconsin State Herbarium,1981.0,,,42.9609108,-88.828978,F,21952,5265563,9/6/81,6.0,9.0,2026_dataset,0.08146607045205327
456,WIS,Wisconsin State Herbarium,1981.0,,,44.6777583,-88.239031,F,2778,4984874,8/19/81,19.0,8.0,2026_dataset,0.07915658755301389
457,WIS,Wisconsin State Herbarium,1992.0,,,43.1982532,-90.359882,F,2,4960526,9/4/92,4.0,9.0,2026_dataset,0.0811511108229439
458,WIS,Wisconsin State Herbarium,1994.0,,,42.9716019,-88.96362,F,370,4930725,9/17/94,17.0,9.0,2026_dataset,0.8145191310617677
459,WIS,Wisconsin State Herbarium,1998.0,,,45.0711954,-87.71104,,13996,5211402,9/22/98,22.0,9.0,2026_dataset,0.7861725518163319
460,WIS,Wisconsin State Herbarium,1998.0,,,44.853031,-87.487777,F,256,4933271,10/3/98,3.0,10.0,2026_dataset,0.11131999999999999
461,WIS,Wisconsin State Herbarium,1998.0,,,44.853031,-87.487777,M,256,4933271,10/3/98,3.0,10.0,2026_dataset,0.11131999999999999
462,WIS,Wisconsin State Herbarium,2000.0,,,42.7128188,-90.993207,M,51038,5101300,9/24/00,24.0,9.0,2026_dataset,0.08179380067513667
463,WIS,Wisconsin State Herbarium,2000.0,,,42.7128188,-90.993207,F,51039,5287129,9/24/00,24.0,9.0,2026_dataset,0.08179380067513667
464,KANU,,1952.0,,,39.85923,-95.0518,,44003,4314,9/5/52,5.0,9.0,2026_dataset,8.545161361823759
465,KANU,,1955.0,,,37.88676,-95.7803,,43835,1280,7/7/55,7.0,7.0,2026_dataset,8.785663985265012
466,KANU,,1955.0,,,40.20122,-93.334,,176584,79816,9/21/55,21.0,9.0,2026_dataset,85.02424393503676
467,KANU,,1964.0,,,39.77639,-101.811,,43858,1812,7/29/64,29.0,7.0,2026_dataset,85.55467762053878
468,KANU,,1967.0,,,37.70736,-97.0554,,43942,4746,9/12/67,12.0,9.0,2026_dataset,8.807025828078995
469,KANU,,1967.0,,,38.77328,-96.0858,,43948,4978,9/29/67,29.0,9.0,2026_dataset,8.67884225204622
470,KANU,,1970.0,,,40.16495,-96.2955,,176589,44578,9/4/70,4.0,9.0,2026_dataset,8.50697128013342
471,KANU,,1970.0,,,37.47539,-95.8293,,43931,45993,10/1/70,1.0,10.0,2026_dataset,8.83451934884554
472,KANU,,1970.0,,,37.68486,-95.4447,,43928,45933,9/30/70,30.0,9.0,2026_dataset,8.809698899686994
473,KANU,,1970.0,,,38.68837,-94.8922,,43865,44134,8/24/70,24.0,8.0,2026_dataset,8.689163909628446
474,KANU,,1970.0,,,37.17461,-94.84,,43859,44435,8/30/70,30.0,8.0,2026_dataset,886.9952678937377
475,KANU,,1970.0,,,37.6179,-94.791,,43923,46641,10/11/70,11.0,10.0,2026_dataset,88.17645921517672
476,KANU,,1970.0,,,38.42197,-94.7889,,43813,44214,8/25/70,25.0,8.0,2026_dataset,8.72142352377353
477,KANU,,1970.0,,,38.43465,-94.7817,,43843,44258,8/26/70,26.0,8.0,2026_dataset,8.719892311652199
478,KANU,,1970.0,,,38.43465,-94.7817,,43814,44252,8/26/70,26.0,8.0,2026_dataset,8.719892311652199
479,KANU,,2008.0,,,39.63205,-93.1655,,361169,23238,8/12/08,12.0,8.0,2026_dataset,8.57338284009654
480,KANU,,2008.0,,,39.35667,-93.0334,,361357,22972,7/23/08,23.0,7.0,2026_dataset,8.607411214494348
481,KANU,,2010.0,,,39.07239,-95.7302,,394014,351,10/13/10,13.0,10.0,2026_dataset,8.642330765017187
482,KANU,,2011.0,,,38.89526,-95.4853,,369945,4148,8/25/11,25.0,8.0,2026_dataset,8.663981012807824
483,KANU,,2012.0,,,43.00035,-91.052,,369629,24382,8/23/12,23.0,8.0,2026_dataset,81.41383029348732
484,KANU,,2013.0,,,37.06783,-95.0958,,421666,5018,8/27/13,27.0,8.0,2026_dataset,8.882473133484094
485,KANU,,2015.0,,,40.07439,-95.2329,,420985,25551,9/3/15,3.0,9.0,2026_dataset,8.518309194200318
486,KANU,,2015.0,,,39.72277,-93.3422,,420960,25526,9/2/15,2.0,9.0,2026_dataset,8.562129271581101
487,KANU,,2016.0,,,39.10719,-96.6097,,441774,10196,7/26/16,26.0,7.0,2026_dataset,8.638067515729857
488,KANU,,2016.0,,,38.76446,-95.0048,,397553,26330,9/4/16,4.0,9.0,2026_dataset,8.679915298545694
489,KANU,,2016.0,,,39.88328,-94.7796,,421019,26295,8/18/16,18.0,8.0,2026_dataset,8.542165874511804
490,KANU,,2016.0,,,38.85685,-94.7522,,397371,26409,11/9/16,9.0,11.0,2026_dataset,8.668664873051243
491,KANU,,2016.0,,,40.58816,-92.7253,,421112,26239,8/17/16,17.0,8.0,2026_dataset,8.45370505002169
492,KANU,,2016.0,,,40.30651,-92.7098,,421265,26258,8/17/16,17.0,8.0,2026_dataset,8.489205713393352
493,KANU,,2018.0,,,38.92704,-95.2415,,423921,26494,10/1/18,1.0,10.0,2026_dataset,8.660102696124856
494,KANU,,2018.0,,,38.98868,-95.2158,,423924,26536,10/19/18,19.0,10.0,2026_dataset,8.652572778313147
495,KANU,,2018.0,,,38.78205,-95.1714,,423919,26493,9/29/18,29.0,9.0,2026_dataset,8.677775084660428
496,KANU,,2018.0,,,38.1354,-94.8769,,420773,27374,10/3/18,3.0,10.0,2026_dataset,11.132
497,KANU,,2022.0,,,39.5204,-98.3813,,431665,28907,9/16/22,16.0,9.0,2026_dataset,11.132
498,KANU,,,,,38.36946,-96.01043,,43961,87978,,,,2026_dataset,1.1132000000000002
499,KANU,,1971.0,,,39.77885,-98.8037,,43856,51181,8/19/71,19.0,8.0,2026_dataset,8.555161962819122
500,KANU,,1972.0,,,38.1444,-99.3137,,43864,63184,10/5/72,5.0,10.0,2026_dataset,11.132
501,KANU,,1972.0,,,38.42178,-98.8884,,43997,59656,8/25/72,25.0,8.0,2026_dataset,8.721446464555715
502,KANU,,1972.0,,,43.42592,-98.4102,,176536,61043,9/10/72,10.0,9.0,2026_dataset,8.08476823827642
503,KANU,,1972.0,,,42.23617,-96.9883,,176565,60831,9/9/72,9.0,9.0,2026_dataset,8.24191462585557
504,KANU,,1972.0,,,40.62473,-96.7411,,176545,58600,8/4/72,4.0,8.0,2026_dataset,8.449080570643817
505,KANU,,1972.0,,,38.33727,-96.6369,,43855,63439,10/8/72,8.0,10.0,2026_dataset,8.7316407709502
506,KANU,,1972.0,,,37.52431,-95.6516,,43833,63755,10/18/72,18.0,10.0,2026_dataset,8.828733292660555
507,KANU,,1973.0,,,39.83834,-96.0656,,43986,74505,10/25/73,25.0,10.0,2026_dataset,8.54776204144949
508,KANU,,1973.0,,,39.93151,-95.2384,,43985,74459,10/25/73,25.0,10.0,2026_dataset,8.536154173066885
509,KANU,,1974.0,,,45.16911,-96.0975,,176557,2506,9/21/74,21.0,9.0,2026_dataset,7.848245458850489
510,KANU,,1974.0,,,40.05795,-95.5352,,176622,C-6955,8/8/74,8.0,8.0,2026_dataset,8.520365164843783
511,KANU,,1975.0,,,38.35513,-98.3486,,43953,85035,6/10/75,10.0,6.0,2026_dataset,8.729487929992242
512,KANU,,1975.0,,,39.69968,-98.2777,,43853,27767,8/15/75,15.0,8.0,2026_dataset,8.564995560642915
513,KANU,,1975.0,,,39.11105,-97.5671,,43851,28419,9/26/75,26.0,9.0,2026_dataset,8.637594441718571
514,KANU,,1975.0,,,39.90084,-95.7958,,43964,10770,7/22/75,22.0,7.0,2026_dataset,8.539977782172835
515,KANU,,1975.0,,,38.2678,-95.7627,,43963,88406,9/21/75,21.0,9.0,2026_dataset,11.132
516,KANU,,1975.0,,,38.21915,-95.7366,,43957,27958,8/19/75,19.0,8.0,2026_dataset,8.74585756226237
517,KANU,,1976.0,,,37.9603,-100.802,,43959,3073,7/20/76,20.0,7.0,2026_dataset,87.76882393939664
518,KANU,,1976.0,,,37.83516,-99.0989,,43960,12286,7/19/76,19.0,7.0,2026_dataset,8.791817027744889
519,KANU,,1980.0,,,39.65345,-102.087,,176567,14818a,8/5/80,5.0,8.0,2026_dataset,85.70730164516536
520,KANU,,1980.0,,,37.26497,-99.3302,,43854,31895,8/14/80,14.0,8.0,2026_dataset,8.859333478852797
521,KANU,,1980.0,,,40.34043,-95.6212,,176578,15000,9/6/80,6.0,9.0,2026_dataset,8.484941104227897
522,KANU,,1980.0,,,38.94268,-95.2741,,43830,15063,9/14/80,14.0,9.0,2026_dataset,8.658193068566849
523,KANU,,1986.0,,,39.50207,-95.032,,362058,723,8/9/86,9.0,8.0,2026_dataset,85.89469038467904
524,KANU,,1986.0,,,38.125,-90.675,,176643,27244,7/26/86,26.0,7.0,2026_dataset,111.32000000000001
525,KANU,,1987.0,,,39.01716,-95.291,,70712,231,9/25/87,25.0,9.0,2026_dataset,86.49090289897602
526,KANU,,1988.0,,,38.97541,-95.2329,,83634,2720,8/5/88,5.0,8.0,2026_dataset,8.654194682414103
527,KANU,,1988.0,,,42.934,-86.07,,340293,3077,9/15/88,15.0,9.0,2026_dataset,815.0169365811347
528,KANU,,1990.0,,,33.15068,-92.1104,,176561,121221,9/20/90,20.0,9.0,2026_dataset,9.320103847587388
529,KANU,,1993.0,,,38.95477,-94.9784,,109832,5717,9/23/93,23.0,9.0,2026_dataset,8.656716450161628
531,KANU,,1994.0,,,38.33217,-96.3733,,112023,s.n. (Helliker 037),9/22/94,22.0,9.0,2026_dataset,8.732255368249902
532,KANU,,1994.0,,,38.59067,-95.6878,,111414,261,8/17/94,17.0,8.0,2026_dataset,8.701016706498821
533,KANU,,1994.0,,,38.95626,-95.2472,,113040,133,11/11/94,11.0,11.0,2026_dataset,8.656534441560733
534,KANU,,1995.0,,,39.35777,-97.1256,,113705,7744,8/17/95,17.0,8.0,2026_dataset,8.607275683833041
535,KANU,,1995.0,,,39.36572,-94.8922,,113530,7774,10/3/95,3.0,10.0,2026_dataset,8.606296072463437
536,KANU,,1996.0,,,39.39084,-94.8951,,312113,8290,9/10/96,10.0,9.0,2026_dataset,8.603199658150663
537,KANU,,1997.0,,,44.19993,-96.7825,,318485,s.n.,9/9/97,9.0,9.0,2026_dataset,7.98065836601632
538,KANU,,1997.0,,,42.73632,-92.4677,,314995,9719,8/7/97,7.0,8.0,2026_dataset,8.176282118319204
539,KANU,,1997.0,,,42.72253,-92.461,,314100,10137,8/30/97,30.0,8.0,2026_dataset,81.78100095251058
540,KANU,,1997.0,,,42.75968,-92.4592,,314159,10196,10/7/97,7.0,10.0,2026_dataset,8.173201419011125
541,KANU,,1997.0,,,42.81008,-92.2236,,314848,9604,8/6/97,6.0,8.0,2026_dataset,8.16655007768998
542,KANU,,2002.0,,,39.07222,-96.8053,,339042,19464,9/19/02,19.0,9.0,2026_dataset,8.642351583410964
543,KANU,,2002.0,,,39.05472,-96.7783,,338353,19537,9/20/02,20.0,9.0,2026_dataset,8.644494246290831
544,KANU,,2002.0,,,38.47278,-95.3583,,343578,8667,9/24/02,24.0,9.0,2026_dataset,8.715285234294239
546,KANU,,2003.0,,,39.38,-94.9003,,345053,9828,9/30/03,30.0,9.0,2026_dataset,1113.2
547,KANU,,2004.0,,,38.40306,-96.5506,,349629,1979,9/7/04,7.0,9.0,2026_dataset,8.723706265035222
548,KANU,,2005.0,,,39.3257,-93.2287,,351749,21177,8/30/05,30.0,8.0,2026_dataset,11.132
549,KANU,,2006.0,,,37.97719,-90.0291,,355223,22005,10/14/06,14.0,10.0,2026_dataset,8.77486347541949
550,KANU,,2007.0,,,36.97542,-91.0196,,394773,28738,8/27/07,27.0,8.0,2026_dataset,8.893283737257114
551,IND,Indiana University Deam Herbarium,1907.0,,,43.019828,-87.958659,F,s.n.,IND-0088756,9/2/07,2.0,9.0,2026_dataset,0.11131999999999999
552,MICH,University of Michigan Herbarium ,1909.0,,,43.0077,-82.9129,,1209704,1209704,8/17/09,,8.0,2026_dataset,11.132
553,IND,Indiana University Deam Herbarium,1911.0,,,37.943219,-87.842797,M,10062,IND-0088721,9/17/11,17.0,9.0,2026_dataset,0.11131999999999999
554,IND,Indiana University Deam Herbarium,1911.0,,,42.686602,-88.055886,M,s.n.,IND-0088755,8/12/11,12.0,8.0,2026_dataset,0.11131999999999999
555,IND,Indiana University Deam Herbarium,1914.0,,,40.282048,-85.148425,F,15442,IND-0088725,9/13/14,13.0,9.0,2026_dataset,0.11131999999999999
556,IND,Indiana University Deam Herbarium,1916.0,,,37.946255,-88.009925,,22297,IND-0088720,10/8/16,8.0,10.0,2026_dataset,0.11131999999999999
557,IND,Indiana University Deam Herbarium,1916.0,,,37.946289,-88.008466,F,2292,IND-0088722,10/8/16,8.0,10.0,2026_dataset,0.11131999999999999
558,IND,Indiana University Deam Herbarium,1916.0,,,39.366578,-87.52469,F,22177,IND-0088735,10/5/16,5.0,10.0,2026_dataset,0.8606190338461952
559,IND,Indiana University Deam Herbarium,1916.0,,,41.004792,-85.107574,F,21684,IND-0088680,9/10/16,10.0,9.0,2026_dataset,0.11131999999999999
560,IND,Indiana University Deam Herbarium,1916.0,,,41.296916,-85.771031,F,21984,IND-0088701,9/17/16,17.0,9.0,2026_dataset,0.11131999999999999
561,IND,Indiana University Deam Herbarium,1916.0,,,41.425007,-86.223051,M,21010,IND-0088709,8/21/16,21.0,8.0,2026_dataset,0.11131999999999999
562,MICH,University of Michigan Herbarium ,1916.0,,,42.47652,-83.14909,,1209698,1209698,8/26/16,,8.0,2026_dataset,1.1132000000000002
563,IND,Indiana University Deam Herbarium,1917.0,,,39.203477,-86.866086,F,23922,IND-0088713,9/22/17,22.0,9.0,2026_dataset,0.11131999999999999
564,IND,Indiana University Deam Herbarium,1917.0,,,39.203477,-86.866086,F,23928,IND-0088714,9/22/17,22.0,9.0,2026_dataset,0.11131999999999999
565,MO,ISU,1919.0,,,40.5333333,-89.55,M,1252364,MO-029951,7/29/19,,7.0,2026_dataset,846.063173780837
566,MICH,University of Michigan Herbarium ,1919.0,,,42.21631,-83.602807,,1209697,1209706,8/31/19,,9.0,2026_dataset,1.1132000000000002
567,MICH,University of Michigan Herbarium ,1919.0,,,42.21631,-83.602807,,1209706,1209706,8/31/19,,8.0,2026_dataset,1.1132000000000002
568,MICH,University of Michigan Herbarium ,1919.0,,,42.48948,-83.14465,,1209666,1209697,9/7/19,,7.0,2026_dataset,1.1132000000000002
569,MICH,University of Michigan Herbarium ,1920.0,,,41.834217,-86.623722,,1209667,1209667,9/11/20,,9.0,2026_dataset,0.11131999999999999
570,MICH,University of Michigan Herbarium ,1920.0,,,42.29559,-83.7426,,1209707,1209707,10/1/20,,10.0,2026_dataset,8.234149974909355
571,BRIT,Botanical Research Institute of Texas,1921.0,,,32.771556,-97.29124,F,,BRIT338428,11/5/21,,11.0,2026_dataset,0.9360179965736362
572,IND,Indiana University Deam Herbarium,1921.0,,,38.373242,-87.617326,M,35119,IND-0088688,9/24/21,24.0,9.0,2026_dataset,0.11131999999999999
573,IND,Indiana University Deam Herbarium,1921.0,,,38.556385,-87.23103,F,35049,IND-0088683,9/23/21,23.0,9.0,2026_dataset,0.8705170108962237
574,IND,Indiana University Deam Herbarium,1921.0,,,45.414131,-75.97801,M,15787,IND-0088760,8/12/21,12.0,8.0,2026_dataset,0.7814412671663602
575,IND,Indiana University Deam Herbarium,1922.0,,,38.777831,-86.227908,M,38062,IND-0088695,9/19/22,19.0,9.0,2026_dataset,0.11131999999999999
576,IND,Indiana University Deam Herbarium,1922.0,,,38.777831,-86.227908,F,38061,IND-0088694,9/19/22,19.0,9.0,2026_dataset,0.11131999999999999
577,IND,Indiana University Deam Herbarium,1922.0,,,38.935264,-87.04838,F,37951,IND-0088690,9/14/22,14.0,9.0,2026_dataset,0.8659098634806836
578,IND,Indiana University Deam Herbarium,1923.0,,,37.852615,-86.66097,F,39991,IND-0088718,10/5/23,5.0,10.0,2026_dataset,0.8789736403945672
579,IND,Indiana University Deam Herbarium,1926.0,,,40.169563,-87.486405,F,43802,IND-0088739,9/22/26,22.0,9.0,2026_dataset,0.11131999999999999
580,IND,Indiana University Deam Herbarium,1928.0,,,41.113448,-86.486519,F,46363,IND-0088723,9/21/28,21.0,9.0,2026_dataset,0.11131999999999999
581,IND,Indiana University Deam Herbarium,1929.0,,,38.194593,-86.344659, ,48039,IND-0088682,10/2/29,2.0,10.0,2026_dataset,0.11131999999999999
582,IND,Indiana University Deam Herbarium,1929.0,,,39.340416,-86.697449,F,4971,IND-0088715,9/29/29,29.0,9.0,2026_dataset,0.11131999999999999
583,IND,Indiana University Deam Herbarium,1929.0,,,39.340416,-86.697449,F,4973,IND-0088716,9/29/29,29.0,9.0,2026_dataset,0.11131999999999999
584,IND,Indiana University Deam Herbarium,1929.0,,,39.340416,-86.697449,F,4972,IND-0088717,9/29/29,29.0,9.0,2026_dataset,0.11131999999999999
585,IND,Indiana University Deam Herbarium,1930.0,,,41.593273,-87.250044,F,57472,IND-0088706,9/6/30,6.0,9.0,2026_dataset,0.11131999999999999
586,IND,Indiana University Deam Herbarium,1930.0,,,41.602259,-87.25837,F,57476,IND-0088705,9/27/30,27.0,9.0,2026_dataset,0.83241969389294
587,IND,Indiana University Deam Herbarium,1930.0,,,41.741508,-85.558475,F,1082,IND-0088702,8/19/30,19.0,8.0,2026_dataset,0.11131999999999999
588,IND,Indiana University Deam Herbarium,1931.0,,,34.773558,-92.313628,F,8325,IND-0088749,9/26/31,26.0,9.0,2026_dataset,0.11131999999999999
589,IND,Indiana University Deam Herbarium,1931.0,,,39.091157,-84.846088,F,50790,IND-0088685,8/5/31,5.0,8.0,2026_dataset,0.11131999999999999
590,IND,Indiana University Deam Herbarium,1931.0,,,40.757698,-86.638471,F,51252,IND-0088744,9/28/31,28.0,9.0,2026_dataset,0.11131999999999999
591,IND,Indiana University Deam Herbarium,1931.0,,,41.718106,-85.76527,F,1447,IND-0088686,8/26/31,26.0,8.0,2026_dataset,0.8309235672457668
592,BRIT,Botanical Research Institute of Texas,1932.0,,,31.055815,-97.348229,M,,BRIT336482,8/6/32,,8.0,2026_dataset,0.11131999999999999
593,IND,Indiana University Deam Herbarium,1933.0,,,38.813147,-86.647434,M,1354,IND-0088707,9/27/33,27.0,9.0,2026_dataset,0.11131999999999999
594,IND,Indiana University Deam Herbarium,1933.0,,,41.440569,-85.251542,F,54495,IND-0088712,9/15/33,15.0,9.0,2026_dataset,0.11131999999999999
595,MICH,University of Michigan Herbarium ,1933.0,,,42.333069,-83.809872,,1004018,1004018,9/7/33,,9.0,2026_dataset,0.11131999999999999
596,IND,Indiana University Deam Herbarium,1934.0,,,38.706727,-85.453292,M,s.n.,IND-0088697,8/28/34,28.0,8.0,2026_dataset,0.11131999999999999
597,IND,Indiana University Deam Herbarium,1934.0,,,38.726541,-85.240882,F,s.n.,IND-0088698,6/26/34,26.0,6.0,2026_dataset,0.11131999999999999
598,IND,Indiana University Deam Herbarium,1934.0,,,38.960125,-85.121109,F,55886,IND-0088684,10/13/34,13.0,10.0,2026_dataset,0.11131999999999999
599,IND,Indiana University Deam Herbarium,1934.0,,,38.968092,-85.148706,F,55894,IND-0088727,10/13/34,13.0,10.0,2026_dataset,0.11131999999999999
600,IND,Indiana University Deam Herbarium,1936.0,,,40.281182,-85.148425,F,57486,IND-0088726,9/30/36,30.0,9.0,2026_dataset,0.11131999999999999
601,IND,Indiana University Deam Herbarium,1936.0,,,41.721829,-85.817624,F,57272,IND-0088687,9/5/36,5.0,9.0,2026_dataset,0.11131999999999999
602,MO,ISU,1937.0,,,42.25,-83.85,F,1155922,MO-029949,9/2/37,,9.0,2026_dataset,1113.2
603,MICH,University of Michigan Herbarium ,1937.0,,,42.290835,-83.72564,,1209710,1209710,9/2/37,,9.0,2026_dataset,0.8234771656028725
604,MICH,University of Michigan Herbarium ,1937.0,,,42.3385,-84.23809,,1209673,1209673,9/18/37,,9.0,2026_dataset,11.132
605,IND,Indiana University Deam Herbarium,1938.0,,,41.088954,-85.472263,M,59164,IND-0088745,9/18/38,18.0,9.0,2026_dataset,0.11131999999999999
606,MICH,University of Michigan Herbarium ,1939.0,,,42.759,-84.7542,,1209669,1209669,8/6/39,,8.0,2026_dataset,111.32000000000001
607,BRIT,Botanical Research Institute of Texas,1942.0,,,32.849606,-96.723675,M,,BRIT336473,4/25/42,,4.0,2026_dataset,0.11131999999999999
608,BRIT,Botanical Research Institute of Texas,1943.0,,,32.446128,-99.747907,F,,BRIT336472,10/27/43,,10.0,2026_dataset,0.11131999999999999
609,BRIT,Botanical Research Institute of Texas,1946.0,,,32.572098,-96.554862,F,,BRIT336460,10/28/46,,10.0,2026_dataset,0.11131999999999999
610,BRIT,Botanical Research Institute of Texas,1946.0,,,33.35295,-96.967601,F,24461,,10/19/46,,10.0,2026_dataset,1.1132000000000002
611,BRIT,Botanical Research Institute of Texas,1946.0,,,33.35295,-96.967601,F,,BRIT336480,10/19/46,,10.0,2026_dataset,1.1132000000000002
612,BRIT,Botanical Research Institute of Texas,1948.0,,,32.846689,-96.782357,M,,BRIT336477,9/18/48,,9.0,2026_dataset,0.11131999999999999
613,MICH,University of Michigan Herbarium ,1949.0,,,42.01601,-83.19723,,1209693,1209693,7/16/49,,7.0,2026_dataset,1.1132000000000002
614,MICH,University of Michigan Herbarium ,1949.0,,,42.01601,-83.19723,,1209694,1209694,8/14/49,,8.0,2026_dataset,1.1132000000000002
615,OKLA,Oklahoma Biological Survey/Robert Bebb Herbarium,1913.0,,,36.688118,-98.664827,staminate,1702,OKLA020039079,7/12/13,,,2026_dataset,0.11131999999999999
616,OKLA,Oklahoma Biological Survey/Robert Bebb Herbarium,1933.0,,,36.152513,-97.051715,staminate,293,OKLA020039056,7/1/33,,,2026_dataset,0.11131999999999999
617,OKLA,Oklahoma Biological Survey/Robert Bebb Herbarium,1936.0,,,34.428958,-97.147598,staminate,22,OKLA020039048,7/18/36,,,2026_dataset,0.11131999999999999
618,OKLA,Oklahoma Biological Survey/Robert Bebb Herbarium,1941.0,,,35.47231,-97.572249,pistillate,3560,OKLA020039052,9/1/41,,,2026_dataset,1.1132000000000002
619,OKLA,Oklahoma Biological Survey/Robert Bebb Herbarium,1950.0,,,,-95.123646,staminate,1836,OKLA020039066,8/25/50,,,2026_dataset,111320.0
620,OKLA,Oklahoma Biological Survey/Robert Bebb Herbarium,1951.0,,,35.969808,-97.084192,staminate,1102,OKLA020039059,9/24/51,,,2026_dataset,0.11131999999999999
621,OKLA,Oklahoma Biological Survey/Robert Bebb Herbarium,1952.0,,,36.094615,-94.906787,staminate,1210-1,OKLA020039039,8/26/52,,,2026_dataset,0.11131999999999999
622,OKLA,Oklahoma Biological Survey/Robert Bebb Herbarium,1954.0,,,36.109171,-97.808563,pistillate,11998,OKLA020039044,7/23/54,,,2026_dataset,0.11131999999999999
623,OKLA,Oklahoma Biological Survey/Robert Bebb Herbarium,1957.0,,,35.828071,-95.250222,pistillate,5380,OKLA020039038,9/7/57,,,2026_dataset,0.11131999999999999
624,OKLA,Oklahoma Biological Survey/Robert Bebb Herbarium,1957.0,,,36.960129,-94.786243,pistillate,5854,,9/28/57,,,2026_dataset,0.11131999999999999
625,OKLA,Oklahoma Biological Survey/Robert Bebb Herbarium,1957.0,,,36.871768,-94.766601,pistillate,5915,OKLA020039055,9/28/57,,,2026_dataset,0.11131999999999999
626,OKLA,Oklahoma Biological Survey/Robert Bebb Herbarium,1972.0,,,36.713226,-95.832073,staminate,790,OKLA020039074,9/1/72,,,2026_dataset,0.11131999999999999
627,OKLA,Oklahoma Biological Survey/Robert Bebb Herbarium,1978.0,,,36.1113,-95.2878,pistillate,178,OKLA020039045,9/30/78,,,2026_dataset,11.132
628,OKLA,Oklahoma Biological Survey/Robert Bebb Herbarium,1980.0,,,36.123,-97.0962,staminate,469,,6/3/80,,,2026_dataset,111.32000000000001
629,OKLA,Oklahoma Biological Survey/Robert Bebb Herbarium,1985.0,,,36.37,-99.6323,staminate,1023,,7/3/85,,,2026_dataset,1113.2
630,OKLA,Oklahoma Biological Survey/Robert Bebb Herbarium,1996.0,,,36.1808,-96.2423,pistillate,127,OKLA020039054,7/3/96,,,2026_dataset,11.132
631,OKLA,Oklahoma Biological Survey/Robert Bebb Herbarium,2002.0,,,36.9775,-97.093,pistillate,345,,9/21/02,,,2026_dataset,88.93040662400038
632,OKLA,Oklahoma Biological Survey/Robert Bebb Herbarium,2002.0,,,36.8469,-96.4305,pistillate,2511,OKLA020039053,9/30/02,,,2026_dataset,11.132
HB0900,INHS,,1876.0,Illinois,Nat,40.900098,-90.991298,,,,,,,2022_dataset,0.11131999999999999
HB0901,INHS,,1870.0,Illinois,Nat,41.154318,-87.919365,,,,,,,2022_dataset,0.11131999999999999
HB0902,INHS,,1875.0,Illinois,Nat,40.900098,-90.991298,,,,,,,2022_dataset,0.11131999999999999
HB0903,INHS,,1897.0,Illinois,Nat,41.823199,-88.174393,,,,,,,2022_dataset,0.11131999999999999
HB0904,INHS,,1892.0,Illinois,Dist,41.779452,-87.61641,,,,,,,2022_dataset,0.8301299273660082
HB0907,INHS,,1897.0,Illinois,Dist,41.818787,-87.706608,,,,,,,2022_dataset,0.11131999999999999
HB0908,INHS,,1952.0,Illinois,Dist,40.114645,-87.875056,,,,,,,2022_dataset,0.11131999999999999
HB0909,INHS,,1946.0,Illinois,Ag,41.782572,-90.138152,,,,,,,2022_dataset,0.11131999999999999
HB0910,INHS,,1948.0,Illinois,Dist,42.481444,-88.157622,,,,,,,2022_dataset,0.11131999999999999
HB0911,INHS,,1947.0,Illinois,Ag,39.127901,-89.860508,,,,,,,2022_dataset,0.11131999999999999
HB0912,INHS,,2005.0,Illinois,Ag,41.457917,-88.308444,,,,,,,2022_dataset,0.11131999999999999
HB0913,INHS,,2000.0,Illinois,Ag,39.959059,-90.611708,,,,,,,2022_dataset,0.11131999999999999
HB0914,MBDH,,1895.0,Ohio,Ag,41.67333333,-84.32694444,,,,,,,2022_dataset,0.0011132
HB0915,MBDH,,1903.0,Ontario,,41.772246,-82.79184,,,,,,,2022_dataset,0.8302232015168243
HB0916,MBDH,,1955.0,Ohio,Dist,39.82083333,-84.01944444,,,,,,,2022_dataset,0.0011132
HB0917,MBDH,,1956.0,Ohio,Ag,40.67861111,-84.51861111,,,,,,,2022_dataset,0.0011132
HB0918,MBDH,,1991.0,Ohio,Nat,41.03944444,-84.15694444,,,,,,,2022_dataset,0.0011132
HB0919,IUH,,1898.0,Indiana,Dist,41.602259,-87.25837,,,,,,,2022_dataset,0.83241969389294
HB0920,IUH,,1941.0,Indiana,Ag,37.870283,-87.634147,,,,,,,2022_dataset,0.11131999999999999
HB0921,IUH,,1941.0,Indiana,Ag,37.979365,-87.544518,,,,,,,2022_dataset,0.11131999999999999
HB0922,IUH,,1952.0,Indiana,Ag,39.482726,-86.019624,,,,,,,2022_dataset,0.11131999999999999
HB0923,IUH,,2007.0,Indiana,Ag,39.43257,-87.380135,,,,,,,2022_dataset,1.1132000000000002
HB0924,KUMH,,1897.0,Missouri,Nat,39.15556,-94.39333,,,,,,,2022_dataset,1.1132000000000002
HB0925,KUMH,,1913.0,Kansas,Ag,39.813187,-95.160615,,,,,,,2022_dataset,0.11131999999999999
HB0926,KUMH,,1913.0,Kansas,Ag,39.813187,-95.160615,,,,,,,2022_dataset,0.11131999999999999
HB0927,KUMH,,1949.0,Kansas,Nat,39.000784,-95.626093,,,,,,,2022_dataset,0.11131999999999999
HB0928,KUMH,,1940.0,Kansas,Ag,38.9365,-95.22391,,,,,,,2022_dataset,11.132
HB0929,KUMH,,1970.0,Kansas,Ag,37.09524,-96.07752,,,,,,,2022_dataset,1.1132000000000002
HB0930,KUMH,,1973.0,Kansas,Ag,37.79382,-95.16832,,,,,,,2022_dataset,1.1132000000000002
HB0931,KUMH,,1981.0,Kansas,Ag,39.70289,-95.30739,,,,,,,2022_dataset,1.1132000000000002
HB0932,KUMH,,1994.0,Kansas,Ag,37.29416,-95.210223,,,,,,,2022_dataset,1.1132000000000002
HB0933,ROM,,1891.0,Ontario,Dist,43.892294,-81.312444,,,,,,,2022_dataset,0.11131999999999999
HB0934,ROM,,1889.0,Ontario,Nat,43.89161,-81.312795,,,,,,,2022_dataset,1.1132000000000002
HB0935,ROM,,1880.0,Ontario,Ag,42.954827,-81.234897,,,,,,,2022_dataset,0.11131999999999999
HB0936,ROM,,1891.0,Ontario,Nat,45.319337,-75.093578,,,,,,,2022_dataset,0.11131999999999999
HB0937,ROM,,1880.0,Ontario,Nat,43.04267,-81.175264,,,,,,,2022_dataset,1.1132000000000002
HB0938,ROM,,1940.0,Ontario,Ag,43.04956,-80.523938,,,,,,,2022_dataset,1.1132000000000002
HB0939,ROM,,1960.0,Ontario,Dist,42.86879,-79.617923,,,,,,,2022_dataset,1.1132000000000002
HB0940,ROM,,1950.0,Ontario,Nat,42.48877,-82.413605,,,,,,,2022_dataset,1.1132000000000002
HB0941,ROM,,1960.0,Ontario,Nat,44.828922,-75.554629,,,,,,,2022_dataset,0.11131999999999999
HB0942,ROM,,1986.0,Ontario,Nat,42.568369,-82.504545,,,,,,,2022_dataset,0.11131999999999999
HB0943,ROM,,1991.0,Ontario,Nat,43.174444,-79.375015,,,,,,,2022_dataset,0.11131999999999999
HB0944,ROM,,1985.0,Ontario,Dist,45.274525,-76.088545,,,,,,,2022_dataset,0.11131999999999999
HB0945,ROM,,1988.0,Ontario,Nat,44.485637,-79.99545,,,,,,,2022_dataset,0.7941859699484196
HB0947,ROM,,1997.0,Ontario,Nat,43.997787,-77.729332,,,,,,,2022_dataset,0.11131999999999999
HB0948,ROM,,1990.0,Ontario,Nat,43.89161,-81.312795,,,,,,,2022_dataset,1.1132000000000002
HB0949,ROM,,1880.0,Ontario,Nat,43.083152,-81.166767,,,,,,,2022_dataset,0.11131999999999999
HB0950,UMH,,2001.0,Michigan,Ag,41.766065,-84.227971,,,,,,,2022_dataset,0.11131999999999999
HB0951,UMH,,1909.0,Michigan,Ag,42.979577,-82.470627,,,,,,,2022_dataset,0.11131999999999999
HB0952,UMH,,1897.0,Illinois,Nat,41.829751,-88.177826,,,,,,,2022_dataset,0.11131999999999999
HB0953,UMH,,1883.0,Ohio,,39.136053,-84.502294,,,,,,,2022_dataset,0.11131999999999999
HB0954,UMH,,1833.0,Ohio,Nat,39.14757,-84.753428,,,,,,,2022_dataset,1.1132000000000002
HB0955,UMH,,1932.0,Ontario,Ag,45.966667,-81.933333,,,,,,,2022_dataset,0.11131999999999999
HB0956,UMH,,1986.0,Ontario,Nat,42.05088,-83.056715,,,,,,,2022_dataset,1.1132000000000002
HB0957,UMH,,1946.0,Illinois,Nat,39.578464,-89.730027,,,,,,,2022_dataset,0.11131999999999999
HB0958,UMH,,1989.0,Ontario,Dist,45.559302,-75.064719,,,,,,,2022_dataset,0.11131999999999999
HB0959,UMH,,1882.0,Illinois,Nat,41.826723,-87.82569,,,,,,,2022_dataset,0.8295177280685094
HB0961,UMH,,1949.0,Illinois,Dist,40.061911,-88.105443,,,,,,,2022_dataset,0.11131999999999999
HB0962,UMH,,1993.0,Ontario,Nat,42.917996,-81.441417,,,,,,,2022_dataset,0.11131999999999999
HB0963,UMH,,1995.0,Ontario,Dist,43.06736,-79.084574,,,,,,,2022_dataset,1.1132000000000002
HB0964,MO,,1877.0,Illinois,Nat,38.55,-89.916667,,,,,,,2022_dataset,1113.2
HB0965,MO,,1889.0,Missouri,,38.62975,-90.242434,,,,,,,2022_dataset,1.1132000000000002
HB0966,MO,,1893.0,Illinois,Nat,38.509011,-90.177817,,,,,,,2022_dataset,0.11131999999999999
HB0967,MO,,1897.0,Illinois,Nat,41.829751,-88.177826,,,,,,,2022_dataset,0.11131999999999999
HB0968,MO,,1902.0,Illinois,Nat,38.625,-90.16,,,,,,,2022_dataset,869.6854730907372
HB0969,MO,,1912.0,Missouri,Ag,38.603097,-90.257021,,,,,,,2022_dataset,0.11131999999999999
HB0960,MO,,1919.0,Illinois,Nat,37.364829,-88.482798,,,,,,,2022_dataset,0.11131999999999999
HB0970,MO,,1925.0,Illinois,Nat,42.370872,-88.121862,,,,,,,2022_dataset,0.11131999999999999
HB0971,MO,,1927.0,Missouri,Nat,38.595548,-90.767735,,,,,,,2022_dataset,0.11131999999999999
HB0972,MO,,1927.0,Illinois,Dist,38.495758,-90.217877,,,,,,,2022_dataset,0.11131999999999999
HB0973,MO,,1930.0,Missouri,Ag,38.715451,-90.48898,,,,,,,2022_dataset,0.868587401541867
HB0974,MO,,1933.0,Missouri,Nat,38.572701,-90.229642,,,,,,,2022_dataset,0.11131999999999999
HB0975,MO,,1940.0,Illinois,Nat,40.119754,-88.498602,,,,,,,2022_dataset,0.11131999999999999
HB0976,MO,,1962.0,Illinois,Nat,40.720818,-89.597212,,,,,,,2022_dataset,0.11131999999999999
HB0977,MO,,1967.0,Ohio,Nat,41.542549,-83.689433,,,,,,,2022_dataset,0.11131999999999999
HB0978,MO,,2005.0,Illinois,Ag,38.779167,-89.640556,,,,,,,2022_dataset,0.11131999999999999
HB0979,MO,,2009.0,Missouri,Nat,38.665567,-90.70705,,,,,,,2022_dataset,0.86919325921128
HB0980,MO,,2009.0,Illinois,Nat,40.634567,-91.179467,,,,,,,2022_dataset,0.11131999999999999
HB0981,MO,,2010.0,Missouri,Nat,38.911389,-91.592778,,,,,,,2022_dataset,0.11131999999999999
HB0982,MO,,2011.0,Illinois,Dist,37.923333,-89.893333,,,,,,,2022_dataset,0.11131999999999999
HB0983,MO,,1919.0,Missouri,Ag,37.204167,-94.344167,,,,,,,2022_dataset,0.11131999999999999
HB0984,AAFC,,1892.0,Ontario,,45.289379,-75.737232,,,,,,,2022_dataset,0.11131999999999999
HB0985,AAFC,,1955.0,Ontario,Dist,45.19477,-75.78076,,,,,,,2022_dataset,1.1132000000000002
HB0986,AAFC,,1954.0,Ontario,Nat,45.457179,-75.676253,,,,,,,2022_dataset,0.11131999999999999
HB0987,AAFC,,1921.0,Ontario,Nat,47.387012,-77.283366,,,,,,,2022_dataset,0.11131999999999999
HB0988,AAFC,,1951.0,Ontario,Nat,43.035303,-79.897787,,,,,,,2022_dataset,0.11131999999999999
HB0989,AAFC,,1988.0,Ontario,Nat,41.93464,-82.505179,,,,,,,2022_dataset,1.1132000000000002
HB0990,AAFC,,1998.0,Ontario,Nat,41.683999,-82.682764,,,,,,,2022_dataset,0.11131999999999999
HB0991,AAFC,,1964.0,Ontario,Nat,45.13414,-74.575361,,,,,,,2022_dataset,1.1132000000000002
HB0992,AAFC,,1949.0,Ontario,Nat,45.046655,-76.230997,,,,,,,2022_dataset,0.11131999999999999
HB0993,AAFC,,1960.0,Ontario,Dist,42.957915,-82.393943,,,,,,,2022_dataset,0.11131999999999999
HB0994,AAFC,,1937.0,Ontario,Nat,44.486839,-77.458612,,,,,,,2022_dataset,0.11131999999999999
HB0995,AAFC,,1960.0,Ontario,Nat,44.951292,-75.483802,,,,,,,2022_dataset,0.11131999999999999
HB0997,AAFC,,1988.0,Ontario,Nat,42.847407,-79.555433,,,,,,,2022_dataset,0.11131999999999999
HB0998,AAFC,,1958.0,Ontario,Dist,44.988422,-74.996022,,,,,,,2022_dataset,0.11131999999999999
HB0999,AAFC,,1938.0,Ontario,Nat,41.683999,-82.682764,,,,,,,2022_dataset,0.11131999999999999
HB1000,AAFC,,1934.0,Ontario,Dist,42.468738,-82.407807,,,,,,,2022_dataset,0.11131999999999999
HB1001,AAFC,,1939.0,Ontario,Nat,43.352835,-80.316045,,,,,,,2022_dataset,0.11131999999999999
HB1002,AAFC,,1918.0,Ontario,,42.77177,-81.197887,,,,,,,2022_dataset,1.1132000000000002
HB1003,AAFC,,1961.0,Ontario,Ag,43.455939,-80.290772,,,,,,,2022_dataset,0.11131999999999999
HB1004,AAFC,,1828.0,Ontario,Nat,42.959472,-81.309866,,,,,,,2022_dataset,0.11131999999999999
HB1005,AAFC,,1828.0,Ontario,Nat,42.980389,-81.344198,,,,,,,2022_dataset,0.11131999999999999
HB1006,AAFC,,1961.0,Ontario,Ag,43.455939,-80.290772,,,,,,,2022_dataset,0.11131999999999999
HB1007,AAFC,,1966.0,Ontario,Nat,43.030996,-81.349254,,,,,,,2022_dataset,0.11131999999999999
HB1008,AAFC,,1828.0,Ontario,,42.950068,-81.435938,,,,,,,2022_dataset,0.11131999999999999
HB1009,AAFC,,1903.0,Ontario,Nat,43.892294,-81.312444,,,,,,,2022_dataset,0.11131999999999999
HB1010,INHS,,1906.0,Illinois,Dist,41.640523,-87.626446,,,,,,,2022_dataset,0.11131999999999999
HB1011,INHS,,1894.0,Illinois,Dist,41.864251,-88.103346,,,,,,,2022_dataset,0.11131999999999999
